num__temperature,num__humidite,num__co2,num__occupation,num__consommation_kwh,cat__type_batiment_Bureau,cat__type_batiment_Centre commercial,cat__type_batiment_Entrepôt,cat__type_batiment_Hôpital,cat__type_batiment_Université,cat__type_batiment_École,cat__zone_A,cat__zone_B,cat__zone_C,cat__zone_D,cat__mode_climatisation_Boost,cat__mode_climatisation_Eco,cat__mode_climatisation_Normal,cat__etat_systeme_Alerte,cat__etat_systeme_Normal,cat__etat_systeme_Panne,cat__jour_semaine_Dimanche,cat__jour_semaine_Jeudi,cat__jour_semaine_Lundi,cat__jour_semaine_Mardi,cat__jour_semaine_Mercredi,cat__jour_semaine_Samedi,cat__jour_semaine_Vendredi,alerte
-0.21799705042154696,0.43867145144820274,0.20721701744123433,-1.207795989893589,-0.7077766491322109,0.0,0.0,0.0,0.0,1.0,0.0,0.0,1.0,0.0,0.0,0.0,0.0,1.0,0.0,1.0,0.0,0.0,0.0,0.0,0.0,0.0,1.0,0.0,1
-0.09413508995475947,0.18521401886221284,-0.05487708172990124,0.10091379345001042,-0.5616539991795454,0.0,0.0,0.0,0.0,0.0,1.0,0.0,0.0,1.0,0.0,0.0,0.0,1.0,1.0,0.0,0.0,1.0,0.0,0.0,0.0,0.0,0.0,0.0,0
0.741933143196059,-0.49912104911996,-1.0182988393727652,0.9597545887692476,1.5255303386578514,1.0,0.0,0.0,0.0,0.0,0.0,0.0,1.0,0.0,0.0,1.0,0.0,0.0,0.0,1.0,0.0,0.0,0.0,0.0,0.0,1.0,0.0,0.0,0
0.1226233408621192,-0.4653267247751615,-0.3856579103389896,0.26450251636796035,0.028760491845413808,0.0,0.0,0.0,1.0,0.0,0.0,0.0,0.0,0.0,1.0,0.0,1.0,0.0,0.0,1.0,0.0,0.0,0.0,1.0,0.0,0.0,0.0,0.0,0
-1.0540652835723665,-0.321700846309767,-0.23020899634783332,-1.5758706164589764,-1.689167960300788,0.0,0.0,1.0,0.0,0.0,0.0,1.0,0.0,0.0,0.0,0.0,0.0,1.0,0.0,1.0,0.0,0.0,1.0,0.0,0.0,0.0,0.0,0.0,0
-1.0540652835723665,0.5738487488273969,-0.015111080476349634,0.26450251636796035,-0.7472692572275259,0.0,0.0,0.0,1.0,0.0,0.0,0.0,0.0,0.0,1.0,0.0,0.0,1.0,0.0,1.0,0.0,1.0,0.0,0.0,0.0,0.0,0.0,0.0,0
0.18455432109551295,0.39642854601720445,-0.8646574708931339,1.5732122997115598,1.3300419285860428,1.0,0.0,0.0,0.0,0.0,0.0,0.0,0.0,1.0,0.0,0.0,0.0,1.0,0.0,1.0,0.0,1.0,0.0,0.0,0.0,0.0,0.0,0.0,0
0.06069236062872546,-0.6342983464991548,0.4548507525201693,0.10091379345001042,0.13341590329799818,1.0,0.0,0.0,0.0,0.0,0.0,0.0,0.0,1.0,0.0,1.0,0.0,0.0,0.0,1.0,0.0,0.0,0.0,0.0,0.0,0.0,0.0,1.0,1
0.06069236062872546,0.5654001677411977,0.2849414744368125,0.5098856007448853,0.5994286788227154,1.0,0.0,0.0,0.0,0.0,0.0,0.0,1.0,0.0,0.0,0.0,0.0,1.0,0.0,1.0,0.0,0.0,0.0,0.0,1.0,0.0,0.0,0.0,1
-0.775375872522093,-0.304803684137368,0.11141710533040547,-0.8397213633282018,-1.0335906659185596,1.0,0.0,0.0,0.0,0.0,0.0,1.0,0.0,0.0,0.0,0.0,0.0,1.0,0.0,1.0,0.0,0.0,0.0,0.0,0.0,1.0,0.0,0.0,0
-0.8992378329888815,-0.3808409139131649,0.25240565522936115,1.5732122997115598,0.500697158584428,0.0,0.0,0.0,0.0,1.0,0.0,1.0,0.0,0.0,0.0,0.0,0.0,1.0,0.0,1.0,0.0,0.0,0.0,0.0,0.0,0.0,0.0,1.0,1
-0.03220410972136572,-1.3946706442571246,-0.6278690088833494,0.34629687782693536,0.29138633567925815,0.0,0.0,0.0,0.0,0.0,1.0,0.0,0.0,0.0,1.0,0.0,0.0,1.0,0.0,1.0,0.0,0.0,0.0,0.0,0.0,0.0,1.0,0.0,0
-0.9611688132222753,1.7059586143781524,0.18914156232598361,-1.453179074270514,-1.8550369143011112,1.0,0.0,0.0,0.0,0.0,0.0,0.0,0.0,0.0,1.0,0.0,0.0,1.0,0.0,1.0,0.0,0.0,1.0,0.0,0.0,0.0,0.0,0.0,0
0.8657951036628475,0.49781151905160004,0.07165110407685386,-0.8397213633282018,0.0741769911550257,0.0,0.0,0.0,0.0,1.0,0.0,0.0,0.0,0.0,1.0,0.0,0.0,1.0,0.0,1.0,0.0,0.0,0.0,0.0,1.0,0.0,0.0,0.0,0
0.06069236062872546,-0.7272327384473513,-0.08018271889125227,1.7776982033589974,1.2984478421097903,0.0,0.0,1.0,0.0,0.0,0.0,1.0,0.0,0.0,0.0,0.0,0.0,1.0,0.0,1.0,0.0,0.0,0.0,0.0,0.0,1.0,0.0,0.0,0
-1.6114441056729114,1.317323884412967,-0.1253713566793791,-0.8397213633282018,-1.0375399267280907,1.0,0.0,0.0,0.0,0.0,0.0,0.0,0.0,1.0,0.0,0.0,0.0,1.0,0.0,1.0,0.0,0.0,0.0,0.0,0.0,0.0,0.0,1.0,0
0.7728986333127563,0.4133257081896034,-0.2988957257857861,-0.1444692909269145,0.25189372758394313,1.0,0.0,0.0,0.0,0.0,0.0,1.0,0.0,0.0,0.0,0.0,0.0,1.0,0.0,1.0,0.0,0.0,0.0,1.0,0.0,0.0,0.0,0.0,0
0.8348296135461502,-0.0006547650341799985,-0.6242539178602993,-0.06267492946793952,0.9430143692519554,0.0,0.0,0.0,0.0,1.0,0.0,1.0,0.0,0.0,0.0,1.0,0.0,0.0,0.0,1.0,0.0,0.0,0.0,0.0,1.0,0.0,0.0,0.0,0
1.4231739257633924,-0.11893490024097517,-0.47603518591524324,0.06001661272052293,0.1887055546314394,0.0,0.0,0.0,0.0,0.0,1.0,1.0,0.0,0.0,0.0,0.0,0.0,1.0,0.0,1.0,0.0,0.0,0.0,1.0,0.0,0.0,0.0,0.0,0
-0.9611688132222753,0.4133257081896034,0.3030169295520632,-1.8621508815653889,-1.2211805543713057,0.0,0.0,0.0,0.0,0.0,1.0,0.0,1.0,0.0,0.0,1.0,0.0,0.0,0.0,1.0,0.0,0.0,0.0,0.0,0.0,0.0,1.0,0.0,1
-0.06316959983806204,-1.614333752498316,0.644643031230302,1.491417938252585,0.6152257220608411,0.0,0.0,1.0,0.0,0.0,0.0,0.0,0.0,1.0,0.0,0.0,1.0,0.0,0.0,1.0,0.0,0.0,1.0,0.0,0.0,0.0,0.0,0.0,1
-0.5586174417052142,-0.23721503544777034,0.4783488441699953,0.06001661272052293,1.2490820819906465,0.0,0.0,1.0,0.0,0.0,0.0,0.0,1.0,0.0,0.0,1.0,0.0,0.0,0.0,1.0,0.0,0.0,0.0,0.0,1.0,0.0,0.0,0.0,1
0.15358883097881665,-0.8455128736541464,-0.5591822794453966,0.5916799622038602,0.17488314179807937,0.0,0.0,0.0,1.0,0.0,0.0,1.0,0.0,0.0,0.0,0.0,0.0,1.0,0.0,1.0,0.0,0.0,0.0,0.0,0.0,1.0,0.0,0.0,0
0.3703472617956953,1.5538841548265587,-0.09554685573921538,0.7143715043923227,0.46317918089387866,1.0,0.0,0.0,0.0,0.0,0.0,1.0,0.0,0.0,0.0,0.0,0.0,1.0,0.0,1.0,0.0,0.0,0.0,0.0,0.0,0.0,0.0,1.0,0
-0.06316959983806204,0.8526519246719856,-0.17236753997903098,0.9188574080397601,0.6981601990610029,0.0,0.0,0.0,1.0,0.0,0.0,0.0,0.0,0.0,1.0,0.0,0.0,1.0,0.0,1.0,0.0,0.0,0.0,0.0,0.0,1.0,0.0,0.0,0
1.0515880443630288,1.3849125331025653,0.48557902621609556,1.1233433116871976,0.8818008267042172,1.0,0.0,0.0,0.0,0.0,0.0,0.0,1.0,0.0,0.0,0.0,0.0,1.0,0.0,1.0,0.0,0.0,0.0,0.0,0.0,0.0,0.0,1.0,1
-0.09413508995475947,-0.2034207111029718,0.2307151090910603,0.26450251636796035,-0.6860557146797878,1.0,0.0,0.0,0.0,0.0,0.0,0.0,0.0,0.0,1.0,0.0,1.0,0.0,1.0,0.0,0.0,0.0,0.0,0.0,1.0,0.0,0.0,0.0,0
0.40131275191239274,-0.3808409139131649,6.981897594637208,0.1418109741794979,0.2973102268935556,1.0,0.0,0.0,0.0,0.0,0.0,0.0,0.0,1.0,0.0,0.0,0.0,1.0,0.0,1.0,0.0,0.0,1.0,0.0,0.0,0.0,0.0,0.0,0
0.2464853013289078,1.4947440872231608,-0.7941631959436561,-0.8397213633282018,-0.6248421721320491,1.0,0.0,0.0,0.0,0.0,0.0,1.0,0.0,0.0,0.0,0.0,1.0,0.0,0.0,1.0,0.0,0.0,0.0,0.0,0.0,1.0,0.0,0.0,0
-2.168822927773457,0.7597175327237897,-0.2627448155552846,0.019119431991035447,-1.527248267109997,0.0,0.0,0.0,0.0,0.0,1.0,0.0,0.0,0.0,1.0,0.0,1.0,0.0,0.0,1.0,0.0,0.0,0.0,0.0,0.0,0.0,0.0,1.0,0
1.2373809850632111,-1.0144844953781396,0.6102996665113256,-0.8397213633282018,-0.010732116249901178,1.0,0.0,0.0,0.0,0.0,0.0,0.0,0.0,0.0,1.0,0.0,0.0,1.0,1.0,0.0,0.0,0.0,0.0,0.0,0.0,1.0,0.0,0.0,1
-0.5586174417052142,0.3541856405862061,0.1096095598188804,0.1827081549089854,-0.23781461279796234,1.0,0.0,0.0,0.0,0.0,0.0,0.0,0.0,1.0,0.0,0.0,0.0,1.0,0.0,1.0,0.0,0.0,0.0,1.0,0.0,0.0,0.0,0.0,0
-1.580478615556215,0.18521401886221284,-0.34769945459696305,0.7961658658512977,0.48687474575106743,0.0,0.0,0.0,1.0,0.0,0.0,0.0,0.0,1.0,0.0,0.0,0.0,1.0,0.0,1.0,0.0,0.0,0.0,1.0,0.0,0.0,0.0,0.0,0
0.3393817716789979,-0.0006547650341799985,-0.09554685573921538,-1.1260016284346142,-0.9269606240612089,0.0,0.0,1.0,0.0,0.0,0.0,0.0,1.0,0.0,0.0,0.0,0.0,1.0,0.0,1.0,0.0,1.0,0.0,0.0,0.0,0.0,0.0,0.0,0
0.09165785074542289,0.3541856405862061,0.25963583727546147,0.1827081549089854,-0.29310426413140356,0.0,0.0,0.0,1.0,0.0,0.0,0.0,1.0,0.0,0.0,0.0,1.0,0.0,0.0,1.0,0.0,0.0,0.0,0.0,0.0,1.0,0.0,0.0,1
-0.12510058007145688,0.08383104582781664,-0.6567897370677506,1.6141094804410474,0.891673978728046,1.0,0.0,0.0,0.0,0.0,0.0,0.0,0.0,1.0,0.0,0.0,0.0,1.0,0.0,1.0,0.0,0.0,0.0,1.0,0.0,0.0,0.0,0.0,0
-0.775375872522093,-0.6849898330163529,0.41327720575509264,-1.8621508815653889,-2.1926987135160543,0.0,0.0,1.0,0.0,0.0,0.0,0.0,1.0,0.0,0.0,0.0,0.0,1.0,1.0,0.0,0.0,0.0,0.0,0.0,0.0,0.0,1.0,0.0,1
1.2683464751799074,-0.12738348132717495,-0.41096354750034064,0.1418109741794979,0.5579614403226343,0.0,0.0,0.0,0.0,0.0,1.0,0.0,1.0,0.0,0.0,0.0,0.0,1.0,1.0,0.0,0.0,0.0,1.0,0.0,0.0,0.0,0.0,0.0,0
0.8038641234294527,0.801960438154788,-0.3043183623203613,0.10091379345001042,0.43553435522715805,0.0,0.0,0.0,0.0,0.0,1.0,0.0,0.0,1.0,0.0,0.0,0.0,1.0,0.0,1.0,0.0,0.0,0.0,0.0,1.0,0.0,0.0,0.0,0
0.30841628156230155,-0.3639437517407653,-0.8013933779897564,0.10091379345001042,-0.05812324596427927,0.0,0.0,1.0,0.0,0.0,0.0,0.0,1.0,0.0,0.0,0.0,0.0,1.0,0.0,1.0,0.0,1.0,0.0,0.0,0.0,0.0,0.0,0.0,0
3.2191723525318188,0.32883989732760677,-0.01691862598787471,-0.185366471656402,1.9717968101349113,0.0,0.0,0.0,1.0,0.0,0.0,0.0,0.0,0.0,1.0,0.0,0.0,1.0,0.0,1.0,0.0,0.0,0.0,0.0,1.0,0.0,0.0,0.0,0
-0.0012386196046682931,1.2074923302923717,0.31928483915578887,1.24603485387566,0.7317289159420205,0.0,1.0,0.0,0.0,0.0,0.0,0.0,0.0,1.0,0.0,0.0,0.0,1.0,0.0,1.0,0.0,0.0,0.0,0.0,0.0,0.0,1.0,0.0,1
0.15358883097881665,-0.33014942739596675,0.4331602063818685,1.0006517694987351,0.25979224920300625,0.0,1.0,0.0,0.0,0.0,0.0,0.0,0.0,0.0,1.0,0.0,0.0,1.0,0.0,1.0,0.0,0.0,0.0,1.0,0.0,0.0,0.0,0.0,1
-0.6824794021720018,0.4133257081896034,0.21986983602190985,-0.5125439174923019,-1.3870495083716285,0.0,1.0,0.0,0.0,0.0,0.0,0.0,1.0,0.0,0.0,0.0,1.0,0.0,0.0,1.0,0.0,0.0,0.0,0.0,0.0,0.0,1.0,0.0,0
-0.9302033231055779,-0.19497213001677202,-0.6134086447911488,-0.9624129055166643,-0.7531931484418228,0.0,0.0,0.0,1.0,0.0,0.0,1.0,0.0,0.0,0.0,0.0,0.0,1.0,0.0,1.0,0.0,0.0,0.0,0.0,0.0,0.0,1.0,0.0,0
0.7109676530793626,-0.49067246803376025,0.04634546691550285,-1.4122818935410266,-1.4976288110385105,1.0,0.0,0.0,0.0,0.0,0.0,0.0,1.0,0.0,0.0,0.0,1.0,0.0,0.0,1.0,0.0,0.0,0.0,0.0,0.0,1.0,0.0,0.0,0
-0.4657209713551231,0.9962778031373801,7.162652145789715,-0.5125439174923019,-0.47279563096508664,1.0,0.0,0.0,0.0,0.0,0.0,0.0,0.0,0.0,1.0,0.0,0.0,1.0,1.0,0.0,0.0,0.0,0.0,1.0,0.0,0.0,0.0,0.0,1
0.9586915740129376,-0.33859800848216653,-0.16875244895598085,0.5916799622038602,0.37629544308418555,1.0,0.0,0.0,0.0,0.0,0.0,1.0,0.0,0.0,0.0,0.0,0.0,1.0,0.0,1.0,0.0,0.0,1.0,0.0,0.0,0.0,0.0,0.0,0
0.5251747123791802,-0.0006547650341799985,-0.495918186542019,0.9597545887692476,1.294498581300259,0.0,1.0,0.0,0.0,0.0,0.0,1.0,0.0,0.0,0.0,0.0,0.0,1.0,0.0,1.0,0.0,0.0,1.0,0.0,0.0,0.0,0.0,0.0,0
1.8566907873971508,-0.4146352382579634,-0.2808202706705354,-1.6576649779179515,0.5658599619416974,0.0,0.0,0.0,0.0,0.0,1.0,1.0,0.0,0.0,0.0,1.0,0.0,0.0,1.0,0.0,0.0,0.0,0.0,0.0,0.0,0.0,0.0,1.0,0
-0.18703156030485066,-0.5920554410681564,-0.991185656699889,-1.8621508815653889,-1.051362339561451,1.0,0.0,0.0,0.0,0.0,0.0,1.0,0.0,0.0,0.0,1.0,0.0,0.0,0.0,1.0,0.0,0.0,0.0,0.0,0.0,0.0,0.0,1.0,0
0.2464853013289078,-0.07669199480997685,-0.7200538299711281,-0.22626365238588947,0.7080333510848317,0.0,0.0,0.0,0.0,0.0,1.0,1.0,0.0,0.0,0.0,1.0,0.0,0.0,0.0,1.0,0.0,0.0,0.0,0.0,1.0,0.0,0.0,0.0,0
0.9896570641296351,0.3541856405862061,-0.5103785506342197,0.3871940585564228,0.016912709416819424,1.0,0.0,0.0,0.0,0.0,0.0,0.0,0.0,0.0,1.0,0.0,0.0,1.0,0.0,1.0,0.0,0.0,0.0,0.0,0.0,0.0,0.0,1.0,0
-1.2088927341558513,0.07538246474161686,0.19998683539513404,-0.26716083311537697,-0.808482799775264,0.0,1.0,0.0,0.0,0.0,0.0,0.0,0.0,1.0,0.0,0.0,0.0,1.0,0.0,1.0,0.0,1.0,0.0,0.0,0.0,0.0,0.0,0.0,1
-1.177927244039154,-0.44842956260276196,-0.034994081103125435,1.1642404924166851,0.3328535741793393,1.0,0.0,0.0,0.0,0.0,0.0,0.0,1.0,0.0,0.0,0.0,0.0,1.0,0.0,1.0,0.0,0.0,0.0,0.0,1.0,0.0,0.0,0.0,0
0.587105692612574,-1.8339968607395072,0.10418692328430518,-0.7988241825987142,-0.2358399823931967,0.0,0.0,0.0,0.0,0.0,1.0,0.0,1.0,0.0,0.0,0.0,0.0,1.0,0.0,1.0,0.0,0.0,0.0,0.0,0.0,0.0,0.0,1.0,0
0.09165785074542289,0.9793806409649806,0.26144338278698653,0.5098856007448853,-0.3503685458696104,1.0,0.0,0.0,0.0,0.0,0.0,1.0,0.0,0.0,0.0,0.0,1.0,0.0,1.0,0.0,0.0,0.0,0.0,0.0,0.0,1.0,0.0,0.0,1
0.7109676530793626,0.050036721483018104,-0.34227681806238786,0.019119431991035447,-0.008757485845135542,0.0,0.0,0.0,0.0,0.0,1.0,0.0,0.0,0.0,1.0,0.0,1.0,0.0,0.0,1.0,0.0,0.0,0.0,0.0,0.0,1.0,0.0,0.0,0
0.8657951036628475,0.5738487488273969,-0.11271853809870358,-0.10357211019742701,-0.11538752770248611,1.0,0.0,0.0,0.0,0.0,0.0,0.0,1.0,0.0,0.0,0.0,1.0,0.0,0.0,1.0,0.0,0.0,0.0,0.0,1.0,0.0,0.0,0.0,0
-1.1159962638057601,-0.16962638675817326,0.01200210219652646,-0.5534410982217893,-1.9873371514204163,1.0,0.0,0.0,0.0,0.0,0.0,0.0,0.0,0.0,1.0,0.0,1.0,0.0,0.0,1.0,0.0,0.0,1.0,0.0,0.0,0.0,0.0,0.0,1
-0.2799280306549418,0.01624239713821957,-0.6784802832060515,-0.7579270018692268,-0.32469835060765545,1.0,0.0,0.0,0.0,0.0,0.0,0.0,1.0,0.0,0.0,0.0,0.0,1.0,0.0,1.0,0.0,1.0,0.0,0.0,0.0,0.0,0.0,0.0,0
0.09165785074542289,0.43022287036200296,-0.025956353545500074,-0.22626365238588947,-0.5636286295843109,0.0,0.0,1.0,0.0,0.0,0.0,0.0,0.0,0.0,1.0,0.0,1.0,0.0,1.0,0.0,0.0,1.0,0.0,0.0,0.0,0.0,0.0,0.0,0
-0.8682723428721841,0.20211118103461181,0.10237937777278011,-0.5125439174923019,-0.02455452908326176,0.0,0.0,0.0,0.0,0.0,1.0,0.0,1.0,0.0,0.0,0.0,0.0,1.0,0.0,1.0,0.0,1.0,0.0,0.0,0.0,0.0,0.0,0.0,0
-0.03220410972136572,1.1399036816027746,-0.1651373579329307,-0.4716467367628144,-0.47279563096508664,0.0,0.0,0.0,0.0,1.0,0.0,0.0,0.0,1.0,0.0,0.0,1.0,0.0,0.0,1.0,0.0,0.0,0.0,0.0,0.0,0.0,0.0,1.0,0
-0.15606607018815322,0.2612512486380097,-0.01691862598787471,0.26450251636796035,-0.431328392465006,1.0,0.0,0.0,0.0,0.0,0.0,0.0,0.0,1.0,0.0,0.0,0.0,1.0,0.0,1.0,0.0,0.0,0.0,0.0,0.0,1.0,0.0,0.0,0
0.1226233408621192,-0.0006547650341799985,-0.0440318086607508,-1.1260016284346142,-0.02455452908326176,0.0,1.0,0.0,0.0,0.0,0.0,1.0,0.0,0.0,0.0,0.0,0.0,1.0,0.0,1.0,0.0,0.0,0.0,1.0,0.0,0.0,0.0,0.0,0
-1.0540652835723665,0.03313955931061854,0.3915866596167918,0.8370630465807851,-0.034427681107090505,0.0,0.0,0.0,0.0,0.0,1.0,0.0,0.0,0.0,1.0,0.0,0.0,1.0,0.0,1.0,0.0,0.0,0.0,0.0,0.0,0.0,0.0,1.0,1
-0.09413508995475947,0.8357547624995872,-0.2844353616935855,2.145772829924385,1.1325788881094678,0.0,0.0,0.0,0.0,1.0,0.0,0.0,1.0,0.0,0.0,0.0,0.0,1.0,0.0,1.0,0.0,0.0,0.0,1.0,0.0,0.0,0.0,0.0,0
-0.9611688132222753,0.4217742892758032,0.03007755731177719,0.06001661272052293,-0.3108759377742954,1.0,0.0,0.0,0.0,0.0,0.0,1.0,0.0,0.0,0.0,1.0,0.0,0.0,0.0,1.0,0.0,0.0,0.0,0.0,0.0,1.0,0.0,0.0,0
1.9186217676305446,-0.9215501034299433,-0.5483370063762462,1.1233433116871976,3.028224076684587,0.0,0.0,0.0,0.0,0.0,1.0,0.0,1.0,0.0,0.0,1.0,0.0,0.0,0.0,1.0,0.0,1.0,0.0,0.0,0.0,0.0,0.0,0.0,0
-0.9611688132222753,-0.16962638675817326,0.3030169295520632,0.019119431991035447,-1.264622423276152,1.0,0.0,0.0,0.0,0.0,0.0,0.0,0.0,0.0,1.0,0.0,0.0,1.0,0.0,1.0,0.0,0.0,0.0,0.0,0.0,0.0,1.0,0.0,1
0.1226233408621192,-0.009103346120379783,-0.23563163288240854,-1.8621508815653889,-1.78592485013431,1.0,0.0,0.0,0.0,0.0,0.0,0.0,0.0,0.0,1.0,0.0,1.0,0.0,0.0,1.0,0.0,0.0,0.0,0.0,0.0,1.0,0.0,0.0,0
-0.09413508995475947,-1.0905217251539365,-0.5356841877955707,0.019119431991035447,1.545276642705509,1.0,0.0,0.0,0.0,0.0,0.0,0.0,1.0,0.0,0.0,1.0,0.0,0.0,0.0,1.0,0.0,0.0,0.0,0.0,1.0,0.0,0.0,0.0,0
-0.4966864614718205,1.4187068574473634,0.4584658435432195,-0.4716467367628144,-1.2310537063951346,0.0,0.0,0.0,0.0,1.0,0.0,1.0,0.0,0.0,0.0,0.0,0.0,1.0,1.0,0.0,0.0,1.0,0.0,0.0,0.0,0.0,0.0,0.0,1
-0.7444103824053966,0.1007282080002162,-0.3260089084586622,0.4689884200153978,-0.484643413393681,0.0,0.0,0.0,1.0,0.0,0.0,0.0,1.0,0.0,0.0,0.0,0.0,1.0,0.0,1.0,0.0,1.0,0.0,0.0,0.0,0.0,0.0,0.0,0
-0.3108935207716382,-0.17807496784437307,-0.2446693604400339,-0.06267492946793952,-0.5695525207986084,1.0,0.0,0.0,0.0,0.0,0.0,0.0,0.0,0.0,1.0,0.0,1.0,0.0,0.0,1.0,0.0,0.0,0.0,0.0,0.0,0.0,0.0,1.0,0
0.40131275191239274,0.6245402353445956,-0.16332981242140562,-1.8621508815653889,-0.7887364957276065,1.0,0.0,0.0,0.0,0.0,0.0,0.0,1.0,0.0,0.0,0.0,0.0,1.0,0.0,1.0,0.0,0.0,0.0,0.0,0.0,0.0,0.0,1.0,0
-1.7043405760230026,-0.11893490024097517,-0.09464308298345285,0.7961658658512977,1.110857953657044,0.0,1.0,0.0,0.0,0.0,0.0,0.0,0.0,1.0,0.0,1.0,0.0,0.0,0.0,1.0,0.0,0.0,0.0,0.0,1.0,0.0,0.0,0.0,0
-0.21799705042154696,1.8157901684987476,-0.30070327129731117,0.22360533563847287,0.8245365449660105,0.0,0.0,1.0,0.0,0.0,0.0,0.0,1.0,0.0,0.0,1.0,0.0,0.0,0.0,1.0,0.0,0.0,1.0,0.0,0.0,0.0,0.0,0.0,0
0.4942092222624828,-0.9384472656023428,-0.20671090469800737,1.0415489502282227,0.5204434626320855,1.0,0.0,0.0,0.0,0.0,0.0,0.0,0.0,0.0,1.0,0.0,1.0,0.0,0.0,1.0,0.0,0.0,0.0,0.0,1.0,0.0,0.0,0.0,0
-0.03220410972136572,-2.9999010506350605,-0.5356841877955707,0.26450251636796035,0.2499190971791775,0.0,0.0,1.0,0.0,0.0,0.0,0.0,1.0,0.0,0.0,1.0,0.0,0.0,0.0,1.0,0.0,0.0,0.0,0.0,0.0,1.0,0.0,0.0,0
-1.8591680266064874,-0.4146352382579634,0.13853028800328157,1.2051376731461725,-0.17265180944069294,1.0,0.0,0.0,0.0,0.0,0.0,1.0,0.0,0.0,0.0,0.0,0.0,1.0,0.0,1.0,0.0,0.0,0.0,0.0,0.0,0.0,0.0,1.0,0
0.30841628156230155,-0.0006547650341799985,-0.14163926628310475,0.4689884200153978,1.0812384975855578,0.0,0.0,0.0,0.0,0.0,1.0,0.0,0.0,0.0,1.0,1.0,0.0,0.0,0.0,1.0,0.0,0.0,0.0,0.0,0.0,0.0,1.0,0.0,0
0.3393817716789979,-0.14428064349957453,-0.19586563162885692,0.7961658658512977,1.2490820819906465,0.0,0.0,0.0,1.0,0.0,0.0,0.0,1.0,0.0,0.0,1.0,0.0,0.0,0.0,1.0,0.0,0.0,0.0,0.0,0.0,0.0,0.0,1.0,0
-1.7043405760230026,0.2612512486380097,-0.8357367427087328,1.1642404924166851,0.46712844170340995,0.0,0.0,0.0,1.0,0.0,0.0,0.0,1.0,0.0,0.0,0.0,0.0,1.0,0.0,1.0,0.0,0.0,0.0,0.0,0.0,1.0,0.0,0.0,0
1.4851049059967874,0.666783140775594,-0.1434468117946298,0.8370630465807851,2.0902746344208563,0.0,0.0,0.0,0.0,1.0,0.0,0.0,1.0,0.0,0.0,1.0,0.0,0.0,0.0,1.0,0.0,0.0,0.0,0.0,0.0,0.0,1.0,0.0,0
0.4632437321457865,0.15141969451741372,0.12587746942260605,0.5098856007448853,0.5303166146559143,0.0,1.0,0.0,0.0,0.0,0.0,1.0,0.0,0.0,0.0,0.0,0.0,1.0,0.0,1.0,0.0,0.0,0.0,1.0,0.0,0.0,0.0,0.0,0
-0.03220410972136572,0.29504557298280826,0.5868015748614996,0.019119431991035447,0.12551738167893564,0.0,0.0,0.0,0.0,0.0,1.0,0.0,0.0,1.0,0.0,0.0,0.0,1.0,0.0,0.0,1.0,0.0,0.0,0.0,0.0,1.0,0.0,0.0,1
0.8348296135461502,-1.1665589549297333,-0.06933744582210183,-0.8806185440576892,-0.603121237679626,0.0,0.0,0.0,0.0,0.0,1.0,1.0,0.0,0.0,0.0,0.0,1.0,0.0,0.0,1.0,0.0,1.0,0.0,0.0,0.0,0.0,0.0,0.0,0
2.1044147083307267,-2.028314225722099,-1.0779478412530925,2.759230540866697,2.9433149692796596,0.0,0.0,1.0,0.0,0.0,0.0,0.0,1.0,0.0,0.0,1.0,0.0,0.0,0.0,1.0,0.0,1.0,0.0,0.0,0.0,0.0,0.0,0.0,0
1.8876562775138472,2.745134087980711,0.6102996665113256,1.0415489502282227,1.7111455967058324,1.0,0.0,0.0,0.0,0.0,0.0,0.0,1.0,0.0,0.0,0.0,0.0,1.0,0.0,0.0,1.0,1.0,0.0,0.0,0.0,0.0,0.0,0.0,1
0.2464853013289078,-0.5498125356371582,0.2505981097178361,0.3871940585564228,0.3170565309412131,0.0,0.0,0.0,0.0,0.0,1.0,0.0,1.0,0.0,0.0,0.0,1.0,0.0,0.0,1.0,0.0,1.0,0.0,0.0,0.0,0.0,0.0,0.0,1
-0.2799280306549418,-1.5298479416363193,0.7494806708987563,0.6325771429333478,0.44935676806051805,1.0,0.0,0.0,0.0,0.0,0.0,0.0,0.0,1.0,0.0,1.0,0.0,0.0,0.0,1.0,0.0,0.0,0.0,0.0,0.0,0.0,0.0,1.0,1
-0.2799280306549418,-1.2088018603607318,0.23252265460258537,-0.6761326404102518,0.2420205755601144,1.0,0.0,0.0,0.0,0.0,0.0,0.0,1.0,0.0,0.0,1.0,0.0,0.0,0.0,1.0,0.0,0.0,0.0,0.0,0.0,0.0,0.0,1.0,0
-0.09413508995475947,0.7005774651203919,-0.007880898430249342,-0.7170298211397393,-0.19042348308358426,0.0,1.0,0.0,0.0,0.0,0.0,1.0,0.0,0.0,0.0,1.0,0.0,0.0,1.0,0.0,0.0,1.0,0.0,0.0,0.0,0.0,0.0,0.0,0
-0.4657209713551231,0.641437397516994,0.5018469358198212,-1.0442072669756393,-0.9210367328469118,1.0,0.0,0.0,0.0,0.0,0.0,1.0,0.0,0.0,0.0,0.0,0.0,1.0,0.0,1.0,0.0,0.0,0.0,0.0,0.0,1.0,0.0,0.0,1
0.9586915740129376,-0.6511955086715544,-0.4398842756847418,-0.3489551945743519,1.1957670610619715,0.0,0.0,0.0,0.0,0.0,1.0,1.0,0.0,0.0,0.0,1.0,0.0,0.0,0.0,1.0,0.0,0.0,0.0,1.0,0.0,0.0,0.0,0.0,0
0.09165785074542289,-0.0006547650341799985,-0.011495989453299488,0.019119431991035447,0.14328905532182692,1.0,0.0,0.0,0.0,0.0,0.0,0.0,0.0,1.0,0.0,0.0,0.0,1.0,0.0,1.0,0.0,0.0,0.0,1.0,0.0,0.0,0.0,0.0,0
0.7109676530793626,0.30349415406900804,-0.10187326502955314,-0.4716467367628144,0.15316220734565567,0.0,1.0,0.0,0.0,0.0,0.0,1.0,0.0,0.0,0.0,0.0,0.0,1.0,0.0,1.0,0.0,0.0,0.0,0.0,1.0,0.0,0.0,0.0,0
0.43227824202908904,0.3710828027586051,-0.345891909085438,0.5916799622038602,1.0733399759664952,1.0,0.0,0.0,0.0,0.0,0.0,1.0,0.0,0.0,0.0,0.0,0.0,1.0,0.0,1.0,0.0,0.0,0.0,0.0,1.0,0.0,0.0,0.0,0
-2.3236503783569424,-2.1296971987564954,0.4367752974049186,1.08244613095771,0.9291919564185954,1.0,0.0,0.0,0.0,0.0,0.0,0.0,0.0,0.0,1.0,0.0,0.0,1.0,0.0,1.0,0.0,0.0,0.0,0.0,0.0,1.0,0.0,0.0,1
0.1226233408621192,0.7512689516375906,0.28674901994833757,1.8594925648179723,1.5156571866340227,1.0,0.0,0.0,0.0,0.0,0.0,1.0,0.0,0.0,0.0,0.0,0.0,1.0,0.0,1.0,0.0,0.0,0.0,1.0,0.0,0.0,0.0,0.0,1
-0.8373068527554867,-0.2625607787063697,-0.07656762786820212,1.327829215334635,0.3506252478222306,0.0,0.0,1.0,0.0,0.0,0.0,1.0,0.0,0.0,0.0,0.0,0.0,1.0,0.0,1.0,0.0,0.0,0.0,0.0,0.0,0.0,0.0,1.0,0
1.8257252972804534,-0.735681319533551,0.445813024962544,1.0415489502282227,1.3636106454670602,0.0,1.0,0.0,0.0,0.0,0.0,0.0,1.0,0.0,0.0,0.0,1.0,0.0,0.0,1.0,0.0,1.0,0.0,0.0,0.0,0.0,0.0,0.0,1
-0.18703156030485066,1.0216235463959789,-0.7128236479250278,-0.9624129055166643,-0.7413453660132284,0.0,0.0,0.0,0.0,1.0,0.0,0.0,0.0,1.0,0.0,0.0,0.0,1.0,0.0,1.0,0.0,0.0,0.0,0.0,0.0,0.0,0.0,1.0,0
-0.12510058007145688,-1.0736245629815375,0.05719073998465329,-0.8397213633282018,-0.8558739294896421,1.0,0.0,0.0,0.0,0.0,0.0,0.0,0.0,0.0,1.0,0.0,1.0,0.0,0.0,1.0,0.0,1.0,0.0,0.0,0.0,0.0,0.0,0.0,0
-0.0012386196046682931,-0.1020377380685762,-1.039989385511066,0.5916799622038602,1.041745889490243,0.0,0.0,0.0,0.0,1.0,0.0,0.0,1.0,0.0,0.0,0.0,0.0,1.0,0.0,1.0,0.0,0.0,0.0,1.0,0.0,0.0,0.0,0.0,0
-1.2398582242725478,-1.0144844953781396,0.16383592516463258,-1.2486931706230766,-2.386212493183098,1.0,0.0,0.0,0.0,0.0,0.0,0.0,0.0,1.0,0.0,0.0,1.0,0.0,0.0,1.0,0.0,1.0,0.0,0.0,0.0,0.0,0.0,0.0,0
-0.7444103824053966,0.987829222051181,0.33374520324798945,0.6734743236628352,1.0654414543474322,0.0,0.0,0.0,0.0,0.0,1.0,0.0,0.0,1.0,0.0,1.0,0.0,0.0,0.0,1.0,0.0,0.0,0.0,0.0,1.0,0.0,0.0,0.0,1
2.042483728097332,-0.4146352382579634,-0.7345141940633286,0.7552686851218102,1.351762863038466,1.0,0.0,0.0,0.0,0.0,0.0,0.0,1.0,0.0,0.0,0.0,1.0,0.0,0.0,1.0,0.0,0.0,0.0,0.0,0.0,0.0,1.0,0.0,0
1.5160703961134836,0.5316058433963986,0.010194556685001388,0.22360533563847287,0.48884937615583307,0.0,1.0,0.0,0.0,0.0,0.0,0.0,1.0,0.0,0.0,0.0,1.0,0.0,0.0,1.0,0.0,0.0,0.0,0.0,0.0,0.0,1.0,0.0,1
0.09165785074542289,-1.3439791577399265,0.4494281159855941,0.6734743236628352,0.5994286788227154,1.0,0.0,0.0,0.0,0.0,0.0,0.0,1.0,0.0,0.0,0.0,0.0,1.0,0.0,1.0,0.0,0.0,0.0,1.0,0.0,0.0,0.0,0.0,1
-0.3418590108883356,-0.5498125356371582,-0.5248389147264202,-1.6985621586474389,-2.068296998015812,0.0,1.0,0.0,0.0,0.0,0.0,0.0,0.0,0.0,1.0,0.0,0.0,1.0,0.0,1.0,0.0,0.0,0.0,0.0,0.0,0.0,1.0,0.0,0
0.9896570641296351,0.06693388365541707,-0.3675824552237389,-0.6761326404102518,0.1215681208694038,0.0,0.0,1.0,0.0,0.0,0.0,0.0,0.0,0.0,1.0,0.0,0.0,1.0,0.0,1.0,0.0,0.0,1.0,0.0,0.0,0.0,0.0,0.0,0
0.43227824202908904,0.7597175327237897,-0.20851845020953244,-0.4716467367628144,-0.5162374998699328,0.0,0.0,0.0,1.0,0.0,0.0,0.0,1.0,0.0,0.0,0.0,0.0,1.0,0.0,1.0,0.0,0.0,0.0,0.0,0.0,0.0,0.0,1.0,0
-0.12510058007145688,0.05848530256921789,6.620388492332193,0.22360533563847287,0.9904054989663335,0.0,0.0,0.0,0.0,1.0,0.0,0.0,0.0,0.0,1.0,1.0,0.0,0.0,0.0,1.0,0.0,0.0,0.0,0.0,0.0,0.0,0.0,1.0,0
-0.2799280306549418,0.29504557298280826,-0.8140461965704319,2.6365389986782346,1.0930862800141528,0.0,1.0,0.0,0.0,0.0,0.0,0.0,0.0,1.0,0.0,0.0,1.0,0.0,0.0,1.0,0.0,0.0,0.0,0.0,0.0,0.0,0.0,1.0,0
1.0206225542463325,-0.11048631915477539,0.25602074625241134,0.7552686851218102,2.0922492648256212,0.0,0.0,0.0,1.0,0.0,0.0,0.0,0.0,1.0,0.0,1.0,0.0,0.0,1.0,0.0,0.0,0.0,0.0,0.0,1.0,0.0,0.0,0.0,1
-1.0230997934556691,-2.1128000365840958,0.16022083414158245,-0.9215157247871767,-0.36221632829820477,0.0,0.0,1.0,0.0,0.0,0.0,1.0,0.0,0.0,0.0,1.0,0.0,0.0,0.0,1.0,0.0,0.0,1.0,0.0,0.0,0.0,0.0,0.0,0
0.27745079144560414,-0.017551927206579568,0.013809647708051534,0.30539969709744785,0.7238303943229574,0.0,1.0,0.0,0.0,0.0,0.0,0.0,1.0,0.0,0.0,0.0,0.0,1.0,0.0,1.0,0.0,0.0,0.0,0.0,0.0,0.0,0.0,1.0,0
-0.6824794021720018,-0.42308381934416317,-0.36939000073526396,-0.9624129055166643,-0.9723771233708212,1.0,0.0,0.0,0.0,0.0,0.0,0.0,0.0,1.0,0.0,0.0,0.0,1.0,0.0,1.0,0.0,0.0,1.0,0.0,0.0,0.0,0.0,0.0,0
0.18455432109551295,-0.735681319533551,-0.30974099885493656,-1.371384712811539,-0.5458569559414191,0.0,0.0,0.0,1.0,0.0,0.0,1.0,0.0,0.0,0.0,0.0,0.0,1.0,0.0,1.0,0.0,0.0,0.0,0.0,1.0,0.0,0.0,0.0,0
1.701863336813666,-1.6565766579293142,0.5289601184926973,0.10091379345001042,1.7131202271105976,0.0,0.0,0.0,0.0,1.0,0.0,0.0,0.0,0.0,1.0,0.0,0.0,1.0,0.0,1.0,0.0,0.0,0.0,0.0,1.0,0.0,0.0,0.0,1
0.4632437321457865,-2.163491523101294,-0.16152226690988056,-0.4716467367628144,-0.050224724345216167,0.0,0.0,0.0,0.0,0.0,1.0,0.0,0.0,0.0,1.0,0.0,1.0,0.0,0.0,1.0,0.0,0.0,0.0,0.0,1.0,0.0,0.0,0.0,0
-1.0230997934556691,2.0270046956537393,0.09876428674972997,0.9597545887692476,-0.0739202892024055,0.0,1.0,0.0,0.0,0.0,0.0,0.0,1.0,0.0,0.0,0.0,0.0,1.0,0.0,1.0,0.0,0.0,0.0,1.0,0.0,0.0,0.0,0.0,0
2.0734492182140296,2.474779493222321,-0.19044299509428173,2.8819220830551595,3.2730782468755395,1.0,0.0,0.0,0.0,0.0,0.0,0.0,0.0,1.0,0.0,0.0,1.0,0.0,0.0,1.0,0.0,0.0,0.0,0.0,0.0,0.0,0.0,1.0,0
0.587105692612574,-0.0006547650341799985,-0.11994872014480387,1.24603485387566,1.52158107784832,0.0,0.0,0.0,0.0,1.0,0.0,0.0,1.0,0.0,0.0,1.0,0.0,0.0,0.0,1.0,0.0,0.0,0.0,0.0,0.0,0.0,1.0,0.0,0
-0.8373068527554867,1.50319266830936,-0.7851254683860307,-0.22626365238588947,0.1847562938219081,1.0,0.0,0.0,0.0,0.0,0.0,1.0,0.0,0.0,0.0,1.0,0.0,0.0,0.0,1.0,0.0,1.0,0.0,0.0,0.0,0.0,0.0,0.0,0
2.1044147083307267,0.7005774651203919,-0.5356841877955707,-1.6985621586474389,0.6033779396322467,0.0,1.0,0.0,0.0,0.0,0.0,0.0,0.0,0.0,1.0,1.0,0.0,0.0,0.0,1.0,0.0,0.0,0.0,0.0,1.0,0.0,0.0,0.0,0
0.6800021629626651,-2.290220239394289,-0.09554685573921538,0.5916799622038602,1.3399150806098714,0.0,1.0,0.0,0.0,0.0,0.0,1.0,0.0,0.0,0.0,1.0,0.0,0.0,0.0,1.0,0.0,0.0,0.0,0.0,0.0,0.0,0.0,1.0,1
-2.3236503783569424,0.24435408646561013,0.48557902621609556,0.3871940585564228,-0.03640231151185614,0.0,0.0,1.0,0.0,0.0,0.0,0.0,1.0,0.0,0.0,0.0,0.0,1.0,0.0,1.0,0.0,0.0,0.0,0.0,0.0,0.0,0.0,1.0,1
2.599862550197879,-0.27100935979256946,-0.3910805468735648,2.350258733571822,-0.02455452908326176,1.0,0.0,0.0,0.0,0.0,0.0,0.0,0.0,1.0,0.0,0.0,0.0,1.0,0.0,1.0,0.0,0.0,1.0,0.0,0.0,0.0,0.0,0.0,0
-0.15606607018815322,0.17676543777601306,0.7530957619218064,-0.7170298211397393,-1.258698532061855,1.0,0.0,0.0,0.0,0.0,0.0,0.0,0.0,1.0,0.0,0.0,1.0,0.0,0.0,1.0,0.0,0.0,0.0,0.0,1.0,0.0,0.0,0.0,1
0.30841628156230155,0.2528026675518099,0.49461675377372094,0.34629687782693536,-0.42540450125070856,1.0,0.0,0.0,0.0,0.0,0.0,0.0,0.0,0.0,1.0,0.0,1.0,0.0,0.0,1.0,0.0,1.0,0.0,0.0,0.0,0.0,0.0,0.0,1
0.029726870512028034,0.041588140396818324,0.17829628925683316,-0.7988241825987142,-1.3791509867525658,1.0,0.0,0.0,0.0,0.0,0.0,0.0,0.0,0.0,1.0,0.0,1.0,0.0,0.0,1.0,0.0,0.0,0.0,0.0,0.0,1.0,0.0,0.0,1
0.4942092222624828,-0.49067246803376025,-0.000650716384149051,0.5507827814743728,0.5085956802034906,1.0,0.0,0.0,0.0,0.0,0.0,0.0,1.0,0.0,0.0,0.0,1.0,0.0,0.0,1.0,0.0,0.0,0.0,1.0,0.0,0.0,0.0,0.0,0
0.029726870512028034,-0.0006547650341799985,0.9989219514892163,-0.02177774873845204,-0.4905673046079785,1.0,0.0,0.0,0.0,0.0,0.0,1.0,0.0,0.0,0.0,0.0,0.0,1.0,0.0,1.0,0.0,0.0,0.0,0.0,0.0,0.0,1.0,0.0,1
-1.6424095957896088,-0.38928949499936466,0.4765412986584702,0.9188574080397601,-0.11933678851201739,1.0,0.0,0.0,0.0,0.0,0.0,0.0,0.0,1.0,0.0,0.0,0.0,1.0,1.0,0.0,0.0,0.0,0.0,1.0,0.0,0.0,0.0,0.0,1
-0.03220410972136572,-0.9975873332057401,0.48557902621609556,0.5916799622038602,-0.06207250677381055,0.0,0.0,0.0,1.0,0.0,0.0,1.0,0.0,0.0,0.0,0.0,1.0,0.0,0.0,1.0,0.0,0.0,0.0,0.0,0.0,0.0,0.0,1.0,1
-0.8992378329888815,0.3457370595000063,-0.5808728255836975,-0.02177774873845204,-0.642613845774941,0.0,0.0,0.0,0.0,1.0,0.0,0.0,0.0,1.0,0.0,0.0,0.0,1.0,0.0,1.0,0.0,0.0,1.0,0.0,0.0,0.0,0.0,0.0,0
-1.0850307736890628,-0.39773807608556444,-0.31516363538951175,-0.8806185440576892,-1.2231551847760713,1.0,0.0,0.0,0.0,0.0,0.0,0.0,0.0,0.0,1.0,0.0,1.0,0.0,0.0,1.0,0.0,1.0,0.0,0.0,0.0,0.0,0.0,0.0,0
-0.0012386196046682931,-1.7579596309637098,0.5813789383269244,-0.3898523753038394,-0.13315920134537798,0.0,0.0,1.0,0.0,0.0,0.0,0.0,0.0,1.0,0.0,0.0,1.0,0.0,0.0,1.0,0.0,0.0,0.0,0.0,0.0,0.0,1.0,0.0,1
0.029726870512028034,0.6752317218617931,-0.9459970189117622,-0.10357211019742701,1.4978855129911315,0.0,0.0,0.0,0.0,0.0,1.0,1.0,0.0,0.0,0.0,0.0,0.0,1.0,0.0,1.0,0.0,0.0,0.0,1.0,0.0,0.0,0.0,0.0,0
0.30841628156230155,-0.6849898330163529,0.08791901368057953,1.3687263960641225,1.69337392306294,0.0,0.0,0.0,0.0,0.0,1.0,0.0,0.0,1.0,0.0,0.0,0.0,1.0,0.0,1.0,0.0,1.0,0.0,0.0,0.0,0.0,0.0,0.0,0
0.5251747123791802,-0.18652354893057285,0.05176810345007807,-0.06267492946793952,0.003090296583458842,0.0,1.0,0.0,0.0,0.0,0.0,1.0,0.0,0.0,0.0,0.0,0.0,1.0,0.0,1.0,0.0,0.0,0.0,0.0,1.0,0.0,0.0,0.0,1
0.4942092222624828,-0.5160182112923596,0.42050738780119296,0.30539969709744785,-0.31285056817906104,0.0,0.0,1.0,0.0,0.0,0.0,1.0,0.0,0.0,0.0,0.0,1.0,0.0,0.0,1.0,0.0,0.0,1.0,0.0,0.0,0.0,0.0,0.0,1
-0.03220410972136572,-0.04289767046517832,0.422314933312718,0.06001661272052293,-0.7354214747989315,1.0,0.0,0.0,0.0,0.0,0.0,0.0,0.0,0.0,1.0,0.0,0.0,1.0,0.0,1.0,0.0,0.0,0.0,0.0,0.0,0.0,0.0,1.0,1
0.40131275191239274,-0.0513462515513781,-0.4868804589843937,0.4689884200153978,0.2775639228458981,0.0,0.0,0.0,0.0,0.0,1.0,0.0,1.0,0.0,0.0,0.0,0.0,1.0,0.0,1.0,0.0,0.0,0.0,0.0,1.0,0.0,0.0,0.0,0
1.6708978466969684,0.9793806409649806,0.03911528486940256,-1.2895903513525642,-0.022579898678495563,0.0,0.0,0.0,1.0,0.0,0.0,1.0,0.0,0.0,0.0,0.0,0.0,1.0,1.0,0.0,0.0,0.0,0.0,0.0,1.0,0.0,0.0,0.0,0
-0.4347554812384268,0.5654001677411977,0.0698435585653288,0.6325771429333478,0.060354578321665686,0.0,0.0,0.0,0.0,1.0,0.0,0.0,0.0,0.0,1.0,0.0,0.0,1.0,0.0,1.0,0.0,0.0,0.0,0.0,0.0,1.0,0.0,0.0,1
-0.5586174417052142,-0.0006547650341799985,-0.6477520095101251,0.7552686851218102,-0.5024150870365729,1.0,0.0,0.0,0.0,0.0,0.0,1.0,0.0,0.0,0.0,0.0,0.0,1.0,0.0,1.0,0.0,0.0,1.0,0.0,0.0,0.0,0.0,0.0,0
-0.4966864614718205,0.666783140775594,0.33374520324798945,-0.22626365238588947,-0.6663094106321302,1.0,0.0,0.0,0.0,0.0,0.0,0.0,1.0,0.0,0.0,0.0,0.0,1.0,0.0,1.0,0.0,0.0,0.0,0.0,0.0,1.0,0.0,0.0,1
-0.4037899911217293,0.6245402353445956,-0.09283553747192777,2.023081287735922,0.8541560010374967,0.0,0.0,0.0,0.0,1.0,0.0,1.0,0.0,0.0,0.0,0.0,1.0,0.0,1.0,0.0,0.0,0.0,1.0,0.0,0.0,0.0,0.0,0.0,0
1.14448451471312,0.8779976679305855,-0.2988957257857861,0.3871940585564228,0.2973102268935556,1.0,0.0,0.0,0.0,0.0,0.0,0.0,0.0,1.0,0.0,0.0,0.0,1.0,0.0,1.0,0.0,0.0,1.0,0.0,0.0,0.0,0.0,0.0,0
-0.8373068527554867,-1.5805394281535174,0.3554357493862903,1.1642404924166851,0.567834592346463,1.0,0.0,0.0,0.0,0.0,0.0,0.0,1.0,0.0,0.0,0.0,0.0,1.0,0.0,0.0,1.0,0.0,0.0,0.0,0.0,0.0,0.0,1.0,1
0.4942092222624828,-0.558261116723358,-0.0711449913336269,0.4689884200153978,-0.048250093940450524,0.0,0.0,0.0,1.0,0.0,0.0,0.0,1.0,0.0,0.0,0.0,1.0,0.0,0.0,1.0,0.0,0.0,0.0,1.0,0.0,0.0,0.0,0.0,0
-1.0230997934556691,-0.5667096978095577,-0.19948072265190708,-1.1260016284346142,-0.9684278625612895,0.0,0.0,0.0,0.0,0.0,1.0,0.0,0.0,0.0,1.0,0.0,1.0,0.0,0.0,1.0,0.0,0.0,0.0,0.0,1.0,0.0,0.0,0.0,0
-0.9611688132222753,-0.24566361653397012,0.13130010595718128,0.4280912392859103,-0.239789243202728,1.0,0.0,0.0,0.0,0.0,0.0,0.0,0.0,1.0,0.0,0.0,1.0,0.0,0.0,1.0,0.0,0.0,0.0,0.0,0.0,1.0,0.0,0.0,1
0.029726870512028034,-0.3723923328269651,0.4367752974049186,-1.534973435729489,-0.26545943846468295,1.0,0.0,0.0,0.0,0.0,0.0,1.0,0.0,0.0,0.0,1.0,0.0,0.0,0.0,1.0,0.0,0.0,0.0,0.0,0.0,0.0,0.0,1.0,1
-1.2708237143892451,-1.1412132116711347,-0.12175626565632894,1.1233433116871976,0.6843377862276423,0.0,0.0,1.0,0.0,0.0,0.0,1.0,0.0,0.0,0.0,1.0,0.0,0.0,0.0,1.0,0.0,1.0,0.0,0.0,0.0,0.0,0.0,0.0,0
1.2064154949465138,-0.879307197998945,-0.4055409109657654,-1.0442072669756393,-1.0750579044186401,1.0,0.0,0.0,0.0,0.0,0.0,1.0,0.0,0.0,0.0,0.0,1.0,0.0,0.0,1.0,0.0,0.0,0.0,0.0,1.0,0.0,0.0,0.0,0
0.587105692612574,0.7090260462065923,0.5578808466770985,-0.5534410982217893,-0.38591189315539354,1.0,0.0,0.0,0.0,0.0,0.0,0.0,1.0,0.0,0.0,0.0,1.0,0.0,0.0,1.0,0.0,0.0,1.0,0.0,0.0,0.0,0.0,0.0,1
-0.8063413626387904,-0.21186929218917158,0.41327720575509264,-0.3080580138448644,-0.38591189315539354,1.0,0.0,0.0,0.0,0.0,0.0,0.0,0.0,1.0,0.0,1.0,0.0,0.0,0.0,1.0,0.0,0.0,0.0,0.0,0.0,0.0,1.0,0.0,1
-0.12510058007145688,-0.02600050829277875,-0.7218613754826532,2.3093615528423346,0.830460436180308,0.0,0.0,0.0,1.0,0.0,0.0,0.0,0.0,0.0,1.0,0.0,0.0,1.0,0.0,1.0,0.0,0.0,0.0,1.0,0.0,0.0,0.0,0.0,0
1.299311965296605,1.2666323978957696,-0.4923030955189689,-1.6576649779179515,-0.03837694191662178,1.0,0.0,0.0,0.0,0.0,0.0,0.0,0.0,1.0,0.0,1.0,0.0,0.0,0.0,1.0,0.0,0.0,0.0,0.0,0.0,0.0,0.0,1.0,0
-2.8500637103407915,1.536986992654159,-0.4254239115925412,-0.4716467367628144,-0.8815441247515968,0.0,1.0,0.0,0.0,0.0,0.0,0.0,0.0,0.0,1.0,0.0,0.0,1.0,0.0,1.0,0.0,0.0,0.0,0.0,0.0,0.0,1.0,0.0,0
0.4942092222624828,-0.24566361653397012,0.002964374638901095,0.1827081549089854,0.7317289159420205,0.0,1.0,0.0,0.0,0.0,0.0,0.0,0.0,1.0,0.0,0.0,1.0,0.0,0.0,1.0,0.0,0.0,0.0,0.0,0.0,0.0,1.0,0.0,0
1.7637943170470596,1.5538841548265587,-0.22659390532478318,0.3871940585564228,1.1937924306572059,1.0,0.0,0.0,0.0,0.0,0.0,0.0,0.0,0.0,1.0,1.0,0.0,0.0,0.0,1.0,0.0,0.0,1.0,0.0,0.0,0.0,0.0,0.0,0
-1.177927244039154,0.11762537017261518,0.31928483915578887,-0.6352354596807643,-0.5695525207986084,0.0,0.0,0.0,0.0,1.0,0.0,0.0,0.0,0.0,1.0,0.0,0.0,1.0,0.0,1.0,0.0,1.0,0.0,0.0,0.0,0.0,0.0,0.0,0
0.029726870512028034,-0.0006547650341799985,0.18733401681445855,-0.3489551945743519,-0.40763282760781666,1.0,0.0,0.0,0.0,0.0,0.0,1.0,0.0,0.0,0.0,0.0,1.0,0.0,0.0,1.0,0.0,0.0,0.0,0.0,0.0,0.0,1.0,0.0,1
0.3393817716789979,0.32883989732760677,-0.25551463350918435,-0.9624129055166643,0.04455753508353946,0.0,0.0,0.0,0.0,0.0,1.0,1.0,0.0,0.0,0.0,1.0,0.0,0.0,0.0,1.0,0.0,0.0,0.0,0.0,1.0,0.0,0.0,0.0,0
0.43227824202908904,0.7850632759823885,-0.3730050917583141,-0.1444692909269145,-0.5122882390604017,1.0,0.0,0.0,0.0,0.0,0.0,0.0,1.0,0.0,0.0,0.0,1.0,0.0,0.0,1.0,0.0,0.0,0.0,1.0,0.0,0.0,0.0,0.0,0
-1.4256511649727301,0.641437397516994,0.11141710533040547,0.22360533563847287,-0.29705352494093484,0.0,0.0,1.0,0.0,0.0,0.0,0.0,0.0,1.0,0.0,0.0,0.0,1.0,0.0,1.0,0.0,1.0,0.0,0.0,0.0,0.0,0.0,0.0,1
0.6180711827292714,-1.2003532792745324,-0.12356381116785402,-1.3304875320820515,-0.5221613910842303,1.0,0.0,0.0,0.0,0.0,0.0,0.0,0.0,1.0,0.0,0.0,0.0,1.0,0.0,1.0,0.0,0.0,0.0,1.0,0.0,0.0,0.0,0.0,0
0.8967605937795439,-0.04289767046517832,0.9519257681895644,0.22360533563847287,1.3241180373717452,0.0,0.0,0.0,1.0,0.0,0.0,0.0,1.0,0.0,0.0,1.0,0.0,0.0,1.0,0.0,0.0,1.0,0.0,0.0,0.0,0.0,0.0,0.0,1
1.8876562775138472,0.18521401886221284,-0.2518995424861342,-0.10357211019742701,-0.02455452908326176,0.0,0.0,1.0,0.0,0.0,0.0,0.0,1.0,0.0,0.0,0.0,0.0,1.0,1.0,0.0,0.0,0.0,0.0,0.0,1.0,0.0,0.0,0.0,0
-0.3108935207716382,1.0469692896545788,-0.33323909050476247,0.10091379345001042,0.2992848572983212,0.0,0.0,0.0,1.0,0.0,0.0,0.0,0.0,1.0,0.0,1.0,0.0,0.0,0.0,1.0,0.0,0.0,0.0,1.0,0.0,0.0,0.0,0.0,0
1.1135190245964226,-0.6596440897577536,0.07165110407685386,1.08244613095771,0.8679784138708573,0.0,0.0,1.0,0.0,0.0,0.0,0.0,0.0,1.0,0.0,0.0,0.0,1.0,0.0,1.0,0.0,0.0,0.0,1.0,0.0,0.0,0.0,0.0,0
0.741933143196059,-2.2817716583080894,-0.26093727004375955,-0.10357211019742701,0.6942109382514711,1.0,0.0,0.0,0.0,0.0,0.0,0.0,0.0,0.0,1.0,0.0,0.0,1.0,0.0,1.0,0.0,0.0,1.0,0.0,0.0,0.0,0.0,0.0,0
1.8566907873971508,-2.045211387894499,-1.088793114322243,1.1233433116871976,1.5551497947293376,1.0,0.0,0.0,0.0,0.0,0.0,0.0,0.0,0.0,1.0,0.0,0.0,1.0,0.0,1.0,0.0,1.0,0.0,0.0,0.0,0.0,0.0,0.0,0
-1.0230997934556691,-0.608952603240556,-0.6152161903026738,-1.3304875320820515,-2.086068671658704,0.0,0.0,1.0,0.0,0.0,0.0,0.0,1.0,0.0,0.0,0.0,1.0,0.0,1.0,0.0,0.0,0.0,0.0,0.0,0.0,0.0,0.0,1.0,0
0.6800021629626651,0.4809143568792011,-0.08379780991430241,-1.0033100862461517,-0.30297741615523227,0.0,0.0,0.0,1.0,0.0,0.0,0.0,1.0,0.0,0.0,0.0,0.0,1.0,0.0,1.0,0.0,0.0,0.0,1.0,0.0,0.0,0.0,0.0,0
-0.3728245010050319,1.2412866546371708,0.16564347067615767,0.7961658658512977,0.5520375491083374,0.0,0.0,0.0,0.0,0.0,1.0,0.0,0.0,0.0,1.0,1.0,0.0,0.0,0.0,1.0,0.0,0.0,0.0,0.0,1.0,0.0,0.0,0.0,1
-0.2489625405382444,-1.9015855094291043,-0.14706190281767997,-0.9215157247871767,-0.016656007464198652,0.0,0.0,1.0,0.0,0.0,0.0,0.0,0.0,1.0,0.0,1.0,0.0,0.0,0.0,1.0,0.0,1.0,0.0,0.0,0.0,0.0,0.0,0.0,0
-0.09413508995475947,-0.8708586169127451,-0.13440908423700446,-1.0442072669756393,-0.18647422227405297,0.0,1.0,0.0,0.0,0.0,0.0,0.0,0.0,1.0,0.0,1.0,0.0,0.0,0.0,1.0,0.0,0.0,0.0,0.0,0.0,1.0,0.0,0.0,0
-1.3637201847393363,-0.2034207111029718,-0.020533717010924855,-0.3898523753038394,-0.9940980578232446,1.0,0.0,0.0,0.0,0.0,0.0,1.0,0.0,0.0,0.0,0.0,0.0,1.0,0.0,1.0,0.0,0.0,0.0,0.0,0.0,1.0,0.0,0.0,0
-0.6824794021720018,-1.377773482084725,-0.06933744582210183,1.327829215334635,1.0338473678711804,1.0,0.0,0.0,0.0,0.0,0.0,0.0,0.0,0.0,1.0,0.0,0.0,1.0,0.0,1.0,0.0,0.0,1.0,0.0,0.0,0.0,0.0,0.0,0
-0.9302033231055779,-0.862410035826546,-0.14886944832920504,-0.185366471656402,0.15118757694089005,0.0,0.0,0.0,0.0,0.0,1.0,0.0,0.0,1.0,0.0,1.0,0.0,0.0,0.0,1.0,0.0,0.0,0.0,0.0,0.0,1.0,0.0,0.0,0
-0.15606607018815322,0.666783140775594,0.3445904763171399,-0.02177774873845204,-0.25953554725038547,0.0,1.0,0.0,0.0,0.0,0.0,1.0,0.0,0.0,0.0,0.0,1.0,0.0,0.0,1.0,0.0,0.0,0.0,1.0,0.0,0.0,0.0,0.0,1
0.4632437321457865,1.6383699656885553,0.06080583100770343,1.9003897455474599,1.9500758756824876,0.0,0.0,1.0,0.0,0.0,0.0,1.0,0.0,0.0,0.0,0.0,0.0,1.0,0.0,1.0,0.0,0.0,0.0,0.0,0.0,0.0,0.0,1.0,1
-1.0850307736890628,-0.0006547650341799985,-0.098258174006503,0.3871940585564228,-0.9763263841803527,0.0,0.0,1.0,0.0,0.0,0.0,1.0,0.0,0.0,0.0,0.0,0.0,1.0,0.0,1.0,0.0,0.0,0.0,0.0,0.0,0.0,0.0,1.0,0
-0.4657209713551231,-0.4146352382579634,0.09153410470362967,-0.7579270018692268,-1.408770442824052,1.0,0.0,0.0,0.0,0.0,0.0,0.0,1.0,0.0,0.0,0.0,0.0,1.0,0.0,1.0,0.0,0.0,0.0,0.0,0.0,0.0,1.0,0.0,1
0.7728986333127563,0.10917678908641539,-0.08379780991430241,1.0415489502282227,1.6459827933485627,0.0,0.0,1.0,0.0,0.0,0.0,0.0,0.0,1.0,0.0,1.0,0.0,0.0,0.0,1.0,0.0,0.0,0.0,0.0,0.0,0.0,1.0,0.0,0
-0.2489625405382444,1.536986992654159,-0.30070327129731117,-0.10357211019742701,-0.24768776482179108,1.0,0.0,0.0,0.0,0.0,0.0,0.0,0.0,0.0,1.0,0.0,1.0,0.0,0.0,1.0,0.0,0.0,0.0,0.0,0.0,0.0,1.0,0.0,0
0.30841628156230155,0.3795313838448049,0.37351120450154107,0.3871940585564228,0.17488314179807937,1.0,0.0,0.0,0.0,0.0,0.0,0.0,1.0,0.0,0.0,0.0,0.0,1.0,0.0,1.0,0.0,0.0,0.0,1.0,0.0,0.0,0.0,0.0,1
0.30841628156230155,0.0077938160520197855,-0.6423293729755499,0.6325771429333478,1.1444266705380621,1.0,0.0,0.0,0.0,0.0,0.0,0.0,1.0,0.0,0.0,1.0,0.0,0.0,0.0,1.0,0.0,0.0,0.0,1.0,0.0,0.0,0.0,0.0,0
0.09165785074542289,-0.9806901710333411,-0.22297881430173302,-0.3489551945743519,-0.7393707356084628,0.0,0.0,0.0,0.0,0.0,1.0,0.0,1.0,0.0,0.0,0.0,0.0,1.0,0.0,1.0,0.0,0.0,1.0,0.0,0.0,0.0,0.0,0.0,0
0.3703472617956953,0.10917678908641539,-0.7110161024135028,0.5916799622038602,0.19857870665526814,0.0,0.0,0.0,0.0,0.0,1.0,0.0,0.0,0.0,1.0,0.0,0.0,1.0,0.0,1.0,0.0,0.0,0.0,0.0,0.0,1.0,0.0,0.0,0
0.029726870512028034,-0.14428064349957453,0.34820556734019004,0.5507827814743728,0.2578176187982406,1.0,0.0,0.0,0.0,0.0,0.0,0.0,0.0,1.0,0.0,0.0,0.0,1.0,0.0,1.0,0.0,0.0,1.0,0.0,0.0,0.0,0.0,0.0,1
0.029726870512028034,1.4947440872231608,-0.7363217395748538,-0.10357211019742701,0.28743707486972686,1.0,0.0,0.0,0.0,0.0,0.0,0.0,1.0,0.0,0.0,1.0,0.0,0.0,0.0,1.0,0.0,0.0,0.0,0.0,0.0,1.0,0.0,0.0,0
0.15358883097881665,0.8695490868443851,0.41327720575509264,0.4689884200153978,1.114807214466576,1.0,0.0,0.0,0.0,0.0,0.0,0.0,0.0,1.0,0.0,1.0,0.0,0.0,0.0,1.0,0.0,0.0,0.0,0.0,0.0,0.0,1.0,0.0,1
-0.620548421938608,-0.38928949499936466,0.09514919572667982,2.5547446372192595,1.308320994133619,1.0,0.0,0.0,0.0,0.0,0.0,1.0,0.0,0.0,0.0,0.0,1.0,0.0,0.0,1.0,0.0,0.0,0.0,0.0,0.0,0.0,1.0,0.0,1
-0.03220410972136572,-0.5329153734647586,-0.6802878287175765,-0.22626365238588947,-0.8025589085609666,1.0,0.0,0.0,0.0,0.0,0.0,1.0,0.0,0.0,0.0,0.0,1.0,0.0,0.0,1.0,0.0,0.0,0.0,1.0,0.0,0.0,0.0,0.0,0
0.6490366728459678,-0.08514057589617664,0.6645260318570778,-1.0033100862461517,-0.822305212608624,1.0,0.0,0.0,0.0,0.0,0.0,0.0,1.0,0.0,0.0,0.0,0.0,1.0,0.0,1.0,0.0,0.0,0.0,0.0,0.0,1.0,0.0,0.0,1
0.4632437321457865,0.36263422167240533,-0.2862429072051106,-1.8621508815653889,-0.8775948639420652,0.0,1.0,0.0,0.0,0.0,0.0,0.0,1.0,0.0,0.0,0.0,0.0,1.0,0.0,0.0,1.0,0.0,0.0,0.0,1.0,0.0,0.0,0.0,0
-2.8810292004574882,-0.0006547650341799985,-0.12356381116785402,-1.453179074270514,-2.4592738181594305,0.0,0.0,1.0,0.0,0.0,0.0,0.0,0.0,0.0,1.0,0.0,0.0,1.0,0.0,1.0,0.0,1.0,0.0,0.0,0.0,0.0,0.0,0.0,0
0.8967605937795439,0.3795313838448049,0.037307739357877484,1.491417938252585,1.3675599062765915,0.0,0.0,0.0,1.0,0.0,0.0,1.0,0.0,0.0,0.0,0.0,0.0,1.0,0.0,1.0,0.0,0.0,0.0,0.0,0.0,0.0,1.0,0.0,0
0.30841628156230155,0.7090260462065923,0.07165110407685386,1.9412869262769472,1.2648791252287728,1.0,0.0,0.0,0.0,0.0,0.0,1.0,0.0,0.0,0.0,0.0,1.0,0.0,0.0,1.0,0.0,0.0,0.0,0.0,0.0,1.0,0.0,0.0,0
0.06069236062872546,0.9793806409649806,-0.3675824552237389,-1.0851044477051266,-0.7630663004656515,1.0,0.0,0.0,0.0,0.0,0.0,0.0,0.0,1.0,0.0,0.0,1.0,0.0,0.0,1.0,0.0,0.0,0.0,0.0,0.0,0.0,1.0,0.0,0
0.9586915740129376,0.8104090192409873,-0.4579597307999925,0.26450251636796035,0.4098641599652031,1.0,0.0,0.0,0.0,0.0,0.0,0.0,1.0,0.0,0.0,0.0,0.0,1.0,1.0,0.0,0.0,1.0,0.0,0.0,0.0,0.0,0.0,0.0,0
0.9896570641296351,-0.2625607787063697,-0.6314840999063995,-1.0442072669756393,-0.6524869977987697,0.0,1.0,0.0,0.0,0.0,0.0,0.0,1.0,0.0,0.0,0.0,1.0,0.0,0.0,1.0,0.0,0.0,0.0,0.0,0.0,0.0,0.0,1.0,0
0.2464853013289078,-0.929998684516143,-0.6622123736023258,0.019119431991035447,0.6448451781323273,0.0,0.0,0.0,1.0,0.0,0.0,0.0,0.0,0.0,1.0,0.0,0.0,1.0,0.0,1.0,0.0,0.0,1.0,0.0,0.0,0.0,0.0,0.0,0
0.029726870512028034,2.4916766553947207,0.06622846754227865,2.841024902325672,1.4031032535623753,0.0,0.0,0.0,0.0,1.0,0.0,1.0,0.0,0.0,0.0,0.0,0.0,1.0,0.0,1.0,0.0,0.0,0.0,0.0,0.0,0.0,1.0,0.0,0
-1.332754694622639,-0.39773807608556444,0.6518732132764022,0.7552686851218102,-0.40763282760781666,0.0,1.0,0.0,0.0,0.0,0.0,0.0,1.0,0.0,0.0,0.0,0.0,1.0,0.0,1.0,0.0,1.0,0.0,0.0,0.0,0.0,0.0,0.0,1
1.1754500048298173,-0.6342983464991548,0.24156038216021072,-1.2486931706230766,-0.405658197203051,0.0,0.0,0.0,0.0,1.0,0.0,1.0,0.0,0.0,0.0,0.0,1.0,0.0,0.0,1.0,0.0,1.0,0.0,0.0,0.0,0.0,0.0,0.0,1
0.06069236062872546,-0.2794579408787687,-0.7778952863399304,-1.5758706164589764,-1.9873371514204163,0.0,1.0,0.0,0.0,0.0,0.0,0.0,1.0,0.0,0.0,0.0,1.0,0.0,0.0,1.0,0.0,0.0,0.0,0.0,1.0,0.0,0.0,0.0,0
-0.2489625405382444,-0.2203178732753714,-0.5049559140996445,-1.8621508815653889,-2.344745254683017,0.0,1.0,0.0,0.0,0.0,0.0,1.0,0.0,0.0,0.0,0.0,0.0,1.0,0.0,1.0,0.0,0.0,0.0,0.0,0.0,0.0,1.0,0.0,0
0.43227824202908904,-0.0006547650341799985,-0.915268745215836,-1.0033100862461517,-0.5063643478461042,0.0,1.0,0.0,0.0,0.0,0.0,0.0,1.0,0.0,0.0,0.0,0.0,1.0,0.0,1.0,0.0,0.0,0.0,1.0,0.0,0.0,0.0,0.0,0
0.43227824202908904,-1.2594933468779297,-0.7110161024135028,0.7552686851218102,0.2736146620363668,1.0,0.0,0.0,0.0,0.0,0.0,0.0,0.0,0.0,1.0,0.0,1.0,0.0,0.0,1.0,0.0,0.0,0.0,0.0,0.0,0.0,0.0,1.0,0
-1.2398582242725478,-0.2203178732753714,0.6030694844652253,-1.8621508815653889,-1.517375115086168,1.0,0.0,0.0,0.0,0.0,0.0,1.0,0.0,0.0,0.0,1.0,0.0,0.0,0.0,1.0,0.0,0.0,0.0,0.0,0.0,0.0,1.0,0.0,1
2.4140696094976968,-0.0006547650341799985,0.397009296151367,0.4689884200153978,1.6756022494200489,0.0,0.0,0.0,0.0,0.0,1.0,0.0,0.0,0.0,1.0,1.0,0.0,0.0,0.0,1.0,0.0,0.0,0.0,1.0,0.0,0.0,0.0,0.0,1
0.9586915740129376,-0.0006547650341799985,-0.30251081680883624,-0.7170298211397393,0.10774570803604377,0.0,0.0,0.0,0.0,1.0,0.0,0.0,1.0,0.0,0.0,0.0,0.0,1.0,0.0,1.0,0.0,0.0,0.0,0.0,0.0,0.0,1.0,0.0,0
-1.5495131254395176,0.6245402353445956,-0.3874654558505147,-0.9624129055166643,-1.1737894246569276,1.0,0.0,0.0,0.0,0.0,0.0,1.0,0.0,0.0,0.0,0.0,0.0,1.0,0.0,1.0,0.0,0.0,0.0,0.0,0.0,1.0,0.0,0.0,0
1.547035886230181,0.3710828027586051,-0.09554685573921538,-0.5125439174923019,1.0516190415140716,1.0,0.0,0.0,0.0,0.0,0.0,0.0,1.0,0.0,0.0,1.0,0.0,0.0,0.0,1.0,0.0,0.0,1.0,0.0,0.0,0.0,0.0,0.0,0
0.09165785074542289,-1.791753955308509,0.31386220262121367,-0.02177774873845204,-0.14303235336920672,0.0,1.0,0.0,0.0,0.0,0.0,0.0,0.0,0.0,1.0,0.0,0.0,1.0,0.0,1.0,0.0,0.0,1.0,0.0,0.0,0.0,0.0,0.0,1
0.9896570641296351,-1.4453621307743227,-0.2175561777671578,0.6734743236628352,0.9193188043947667,0.0,0.0,0.0,0.0,0.0,1.0,0.0,1.0,0.0,0.0,0.0,0.0,1.0,0.0,1.0,0.0,0.0,1.0,0.0,0.0,0.0,0.0,0.0,0
0.4942092222624828,0.48936293796540026,-0.5374917333070958,-0.4307495560333269,0.17093388098854753,1.0,0.0,0.0,0.0,0.0,0.0,0.0,0.0,0.0,1.0,0.0,1.0,0.0,0.0,1.0,0.0,1.0,0.0,0.0,0.0,0.0,0.0,0.0,0
0.029726870512028034,0.9709320598787814,0.07165110407685386,0.7961658658512977,0.4473821376557524,1.0,0.0,0.0,0.0,0.0,0.0,0.0,1.0,0.0,0.0,0.0,0.0,1.0,0.0,1.0,0.0,1.0,0.0,0.0,0.0,0.0,0.0,0.0,0
-0.5586174417052142,-1.1158674684125358,-0.16694490344445576,-0.3080580138448644,-0.761091670060886,0.0,0.0,0.0,1.0,0.0,0.0,0.0,0.0,0.0,1.0,0.0,1.0,0.0,1.0,0.0,0.0,0.0,1.0,0.0,0.0,0.0,0.0,0.0,0
0.06069236062872546,1.8073415874125485,-0.15609963037530533,-1.8621508815653889,-1.7286605683961032,0.0,1.0,0.0,0.0,0.0,0.0,0.0,0.0,1.0,0.0,0.0,0.0,1.0,0.0,0.0,1.0,0.0,0.0,0.0,1.0,0.0,0.0,0.0,0
-1.4566166550894264,-1.428464968601923,-0.49772573205354415,0.5916799622038602,0.052456056702602574,0.0,0.0,0.0,0.0,0.0,1.0,0.0,1.0,0.0,0.0,1.0,0.0,0.0,0.0,1.0,0.0,0.0,0.0,1.0,0.0,0.0,0.0,0.0,0
-0.5586174417052142,-0.5920554410681564,0.2379452911371606,-0.9215157247871767,-1.6931172211103196,1.0,0.0,0.0,0.0,0.0,0.0,0.0,0.0,1.0,0.0,0.0,1.0,0.0,0.0,1.0,0.0,0.0,0.0,0.0,1.0,0.0,0.0,0.0,0
-1.0230997934556691,-1.7748567931361094,-0.9026159266351604,0.6734743236628352,-0.8302037342276871,1.0,0.0,0.0,0.0,0.0,0.0,1.0,0.0,0.0,0.0,0.0,1.0,0.0,0.0,1.0,0.0,0.0,1.0,0.0,0.0,0.0,0.0,0.0,0
-0.2489625405382444,1.4609497628783616,0.20721701744123433,1.7776982033589974,1.5235557082530857,1.0,0.0,0.0,0.0,0.0,0.0,1.0,0.0,0.0,0.0,0.0,0.0,1.0,0.0,1.0,0.0,0.0,0.0,0.0,1.0,0.0,0.0,0.0,1
-0.12510058007145688,0.6245402353445956,-0.11271853809870358,-0.10357211019742701,0.46712844170340995,0.0,0.0,0.0,0.0,1.0,0.0,0.0,0.0,1.0,0.0,1.0,0.0,0.0,0.0,1.0,0.0,0.0,0.0,0.0,0.0,0.0,0.0,1.0,0
-0.2489625405382444,-1.436913549688123,0.02465492077720197,-0.7988241825987142,-0.6327406937511122,0.0,0.0,1.0,0.0,0.0,0.0,1.0,0.0,0.0,0.0,0.0,1.0,0.0,0.0,1.0,0.0,0.0,1.0,0.0,0.0,0.0,0.0,0.0,0
-0.8063413626387904,0.44712003253440197,-0.09464308298345285,-1.1260016284346142,-1.3613793131096739,0.0,1.0,0.0,0.0,0.0,0.0,1.0,0.0,0.0,0.0,0.0,0.0,1.0,0.0,1.0,0.0,1.0,0.0,0.0,0.0,0.0,0.0,0.0,0
-0.3418590108883356,-0.6934384141025527,0.031885102823302265,-0.3898523753038394,-0.8104574301800297,0.0,0.0,1.0,0.0,0.0,0.0,1.0,0.0,0.0,0.0,0.0,1.0,0.0,0.0,1.0,0.0,0.0,1.0,0.0,0.0,0.0,0.0,0.0,0
0.029726870512028034,-0.3723923328269651,-0.5085710051226946,-1.0033100862461517,-1.0888803172520005,0.0,0.0,1.0,0.0,0.0,0.0,0.0,0.0,0.0,1.0,0.0,0.0,1.0,0.0,1.0,0.0,0.0,1.0,0.0,0.0,0.0,0.0,0.0,0
-0.5586174417052142,1.2750809789819688,-1.2966608481476263,-1.4940762550000015,-1.3890241387763944,0.0,0.0,0.0,0.0,1.0,0.0,0.0,0.0,1.0,0.0,0.0,0.0,1.0,0.0,1.0,0.0,0.0,1.0,0.0,0.0,0.0,0.0,0.0,0
0.27745079144560414,-0.3554951706545661,0.3861640230822166,0.26450251636796035,-0.7215990619655709,0.0,1.0,0.0,0.0,0.0,0.0,0.0,1.0,0.0,0.0,0.0,1.0,0.0,0.0,1.0,0.0,0.0,0.0,0.0,0.0,0.0,1.0,0.0,1
0.2464853013289078,0.024690978224418753,0.09695674123820489,-1.8621508815653889,-0.9289352544659746,1.0,0.0,0.0,0.0,0.0,0.0,0.0,1.0,0.0,0.0,0.0,0.0,1.0,0.0,1.0,0.0,0.0,0.0,0.0,0.0,0.0,0.0,1.0,1
-0.2799280306549418,0.12607395125881496,-0.5302615512609954,-0.10357211019742701,0.03468438305971072,0.0,1.0,0.0,0.0,0.0,0.0,0.0,0.0,1.0,0.0,0.0,0.0,1.0,0.0,1.0,0.0,0.0,0.0,0.0,0.0,0.0,0.0,1.0,0
0.587105692612574,1.0047263842235805,0.41327720575509264,-0.6761326404102518,-0.5063643478461042,1.0,0.0,0.0,0.0,0.0,0.0,1.0,0.0,0.0,0.0,0.0,0.0,1.0,0.0,1.0,0.0,0.0,0.0,0.0,0.0,0.0,0.0,1.0,1
0.06069236062872546,0.8948948301029839,-0.28262781618206045,0.7961658658512977,0.24794446677441187,1.0,0.0,0.0,0.0,0.0,0.0,1.0,0.0,0.0,0.0,0.0,1.0,0.0,0.0,1.0,0.0,0.0,0.0,0.0,0.0,1.0,0.0,0.0,0
-0.5895829318219117,0.46401719470680153,0.03911528486940256,-0.06267492946793952,-0.014681377059433013,0.0,0.0,0.0,0.0,1.0,0.0,0.0,0.0,0.0,1.0,1.0,0.0,0.0,0.0,1.0,0.0,0.0,0.0,0.0,1.0,0.0,0.0,0.0,0
0.8348296135461502,-0.5836068599819567,-0.26093727004375955,0.5507827814743728,0.007039557392990677,0.0,1.0,0.0,0.0,0.0,0.0,0.0,0.0,0.0,1.0,0.0,1.0,0.0,0.0,1.0,0.0,1.0,0.0,0.0,0.0,0.0,0.0,0.0,0
-0.2489625405382444,0.4724657757930013,0.06442092203075357,2.8001277215961844,1.420874927205267,1.0,0.0,0.0,0.0,0.0,0.0,0.0,0.0,0.0,1.0,0.0,1.0,0.0,0.0,1.0,0.0,0.0,0.0,0.0,0.0,0.0,1.0,0.0,1
0.5561402024958777,-0.39773807608556444,0.08791901368057953,1.2051376731461725,0.7376528071563179,0.0,0.0,0.0,1.0,0.0,0.0,1.0,0.0,0.0,0.0,0.0,1.0,0.0,0.0,1.0,0.0,0.0,0.0,0.0,1.0,0.0,0.0,0.0,0
0.4942092222624828,-0.8032699682231481,0.05357564896160314,-1.0851044477051266,-1.06123549158528,0.0,0.0,0.0,1.0,0.0,0.0,1.0,0.0,0.0,0.0,0.0,0.0,1.0,1.0,0.0,0.0,0.0,0.0,0.0,0.0,0.0,0.0,1.0,0
-1.2088927341558513,0.6583345596893936,-0.42903900261559136,-1.8621508815653889,-2.8443267470887514,0.0,0.0,0.0,1.0,0.0,0.0,0.0,0.0,1.0,0.0,0.0,1.0,0.0,0.0,1.0,0.0,0.0,0.0,0.0,0.0,1.0,0.0,0.0,0
-0.4347554812384268,0.4048771271034036,-0.034994081103125435,0.019119431991035447,-0.7097512795369766,0.0,0.0,0.0,0.0,1.0,0.0,1.0,0.0,0.0,0.0,0.0,0.0,1.0,0.0,1.0,0.0,1.0,0.0,0.0,0.0,0.0,0.0,0.0,1
-3.5622699830248217,-0.6005040221543563,0.8362428554519598,0.7961658658512977,-0.2200429391550705,1.0,0.0,0.0,0.0,0.0,0.0,1.0,0.0,0.0,0.0,0.0,0.0,1.0,0.0,1.0,0.0,0.0,0.0,0.0,0.0,0.0,1.0,0.0,1
-1.4875821452061238,-1.8339968607395072,-0.2844353616935855,0.019119431991035447,-0.050224724345216167,1.0,0.0,0.0,0.0,0.0,0.0,0.0,0.0,0.0,1.0,0.0,1.0,0.0,1.0,0.0,0.0,0.0,1.0,0.0,0.0,0.0,0.0,0.0,0
0.30841628156230155,0.987829222051181,0.6536807587879274,-1.8621508815653889,-0.28125648170280915,0.0,0.0,0.0,0.0,1.0,0.0,1.0,0.0,0.0,0.0,1.0,0.0,0.0,0.0,1.0,0.0,0.0,0.0,0.0,0.0,1.0,0.0,0.0,1
0.029726870512028034,-0.5498125356371582,-0.8032009235012815,0.6734743236628352,0.5164942018225537,0.0,1.0,0.0,0.0,0.0,0.0,0.0,0.0,0.0,1.0,0.0,0.0,1.0,1.0,0.0,0.0,0.0,1.0,0.0,0.0,0.0,0.0,0.0,0
1.3302774554133023,0.607643073172196,0.5163072999120218,-0.7579270018692268,-0.14698161417873798,0.0,1.0,0.0,0.0,0.0,0.0,0.0,0.0,0.0,1.0,0.0,0.0,1.0,0.0,1.0,0.0,0.0,1.0,0.0,0.0,0.0,0.0,0.0,1
-0.2489625405382444,1.4947440872231608,-0.3043183623203613,0.5916799622038602,-0.27138332967898043,1.0,0.0,0.0,0.0,0.0,0.0,1.0,0.0,0.0,0.0,0.0,0.0,1.0,1.0,0.0,0.0,0.0,0.0,0.0,0.0,0.0,1.0,0.0,0
-0.6824794021720018,0.16831685668981328,-0.7507821036670543,0.4280912392859103,-0.3089013073695292,1.0,0.0,0.0,0.0,0.0,0.0,0.0,1.0,0.0,0.0,0.0,1.0,0.0,0.0,1.0,0.0,0.0,0.0,0.0,1.0,0.0,0.0,0.0,0
0.7728986333127563,1.1483522626889737,1.2320953224759508,0.019119431991035447,0.058379947916900043,0.0,0.0,1.0,0.0,0.0,0.0,1.0,0.0,0.0,0.0,0.0,0.0,1.0,0.0,0.0,1.0,1.0,0.0,0.0,0.0,0.0,0.0,0.0,1
0.029726870512028034,-0.2541121976201699,-0.30974099885493656,0.6325771429333478,0.19857870665526814,0.0,0.0,1.0,0.0,0.0,0.0,1.0,0.0,0.0,0.0,0.0,0.0,1.0,1.0,0.0,0.0,0.0,0.0,0.0,0.0,1.0,0.0,0.0,0
-0.620548421938608,-0.2794579408787687,0.5379978460503227,-0.7170298211397393,-0.9684278625612895,1.0,0.0,0.0,0.0,0.0,0.0,1.0,0.0,0.0,0.0,0.0,0.0,1.0,1.0,0.0,0.0,0.0,0.0,0.0,0.0,1.0,0.0,0.0,1
-1.4875821452061238,-1.25104476579173,-0.002458261895674124,-1.3304875320820515,-1.2527746408475575,0.0,0.0,0.0,0.0,1.0,0.0,0.0,0.0,0.0,1.0,0.0,0.0,1.0,0.0,1.0,0.0,0.0,0.0,0.0,1.0,0.0,0.0,0.0,0
-0.620548421938608,0.607643073172196,-0.7037859203674024,-0.4716467367628144,-0.9052396896087859,0.0,0.0,0.0,0.0,0.0,1.0,0.0,1.0,0.0,0.0,0.0,1.0,0.0,0.0,1.0,0.0,1.0,0.0,0.0,0.0,0.0,0.0,0.0,0
0.3393817716789979,-0.7610270627921497,0.2994018385290131,-0.8397213633282018,-0.6406392153701753,1.0,0.0,0.0,0.0,0.0,0.0,0.0,0.0,1.0,0.0,0.0,0.0,1.0,0.0,1.0,0.0,0.0,0.0,0.0,1.0,0.0,0.0,0.0,1
0.6180711827292714,-0.8962043601713445,0.08068883163447924,0.4280912392859103,1.2510567123954128,1.0,0.0,0.0,0.0,0.0,0.0,0.0,1.0,0.0,0.0,1.0,0.0,0.0,0.0,1.0,0.0,0.0,0.0,0.0,1.0,0.0,0.0,0.0,0
-2.3236503783569424,0.8188576003271877,-0.43446163915016656,-1.0442072669756393,-1.225129815180837,0.0,1.0,0.0,0.0,0.0,0.0,1.0,0.0,0.0,0.0,0.0,0.0,1.0,0.0,1.0,0.0,0.0,0.0,0.0,1.0,0.0,0.0,0.0,0
-0.3728245010050319,-0.5075696302061599,0.3952017506398419,0.6325771429333478,0.24004594515534874,1.0,0.0,0.0,0.0,0.0,0.0,0.0,0.0,0.0,1.0,0.0,0.0,1.0,0.0,1.0,0.0,1.0,0.0,0.0,0.0,0.0,0.0,0.0,1
-0.5276519515885169,1.2581838168095705,-0.1922505406058068,-0.9215157247871767,-1.778026328515247,0.0,0.0,1.0,0.0,0.0,0.0,0.0,0.0,0.0,1.0,0.0,1.0,0.0,0.0,1.0,0.0,1.0,0.0,0.0,0.0,0.0,0.0,0.0,0
-1.890133516723185,0.3710828027586051,-0.8248914696395824,-1.8621508815653889,-1.0098951010613706,1.0,0.0,0.0,0.0,0.0,0.0,0.0,0.0,1.0,0.0,0.0,0.0,1.0,0.0,1.0,0.0,0.0,0.0,0.0,1.0,0.0,0.0,0.0,0
-2.04496096730667,-1.5889880092397166,0.24879056420631102,-0.02177774873845204,-0.7472692572275259,1.0,0.0,0.0,0.0,0.0,0.0,0.0,1.0,0.0,0.0,0.0,0.0,1.0,1.0,0.0,0.0,0.0,0.0,0.0,0.0,1.0,0.0,0.0,0
-0.3728245010050319,0.45556861362060175,0.21986983602190985,0.5507827814743728,0.7514752199896779,1.0,0.0,0.0,0.0,0.0,0.0,0.0,1.0,0.0,0.0,0.0,0.0,1.0,0.0,1.0,0.0,0.0,0.0,1.0,0.0,0.0,0.0,0.0,1
-0.8063413626387904,-0.0006547650341799985,0.1367227424917565,0.30539969709744785,0.8620545226565598,1.0,0.0,0.0,0.0,0.0,0.0,0.0,1.0,0.0,0.0,1.0,0.0,0.0,0.0,1.0,0.0,0.0,0.0,0.0,0.0,1.0,0.0,0.0,1
0.6800021629626651,-0.45687814368896174,-0.4904955500074438,-0.22626365238588947,-0.03837694191662178,0.0,0.0,0.0,0.0,0.0,1.0,1.0,0.0,0.0,0.0,0.0,0.0,1.0,0.0,1.0,0.0,0.0,0.0,0.0,1.0,0.0,0.0,0.0,0
-1.2088927341558513,0.6583345596893936,0.031885102823302265,-0.3898523753038394,-0.15290550539303546,0.0,0.0,0.0,0.0,0.0,1.0,0.0,1.0,0.0,0.0,1.0,0.0,0.0,0.0,1.0,0.0,0.0,0.0,0.0,0.0,1.0,0.0,0.0,1
0.3393817716789979,-1.5045021983777198,0.17829628925683316,2.268464372112847,1.2095894738953314,0.0,0.0,0.0,0.0,1.0,0.0,0.0,0.0,1.0,0.0,0.0,1.0,0.0,0.0,1.0,0.0,0.0,0.0,0.0,1.0,0.0,0.0,0.0,0
0.2155198112122104,1.0300721274821791,-0.10910344707565343,-0.3898523753038394,-0.12328604932154923,1.0,0.0,0.0,0.0,0.0,0.0,0.0,1.0,0.0,0.0,0.0,0.0,1.0,1.0,0.0,0.0,0.0,0.0,1.0,0.0,0.0,0.0,0.0,0
-1.0540652835723665,0.8864462490167847,-0.5158011871687949,0.26450251636796035,-0.39381041477445666,0.0,0.0,0.0,0.0,0.0,1.0,1.0,0.0,0.0,0.0,0.0,1.0,0.0,0.0,1.0,0.0,0.0,0.0,0.0,0.0,0.0,0.0,1.0,0
0.6490366728459678,-0.09358915698237642,-0.027763899057025147,0.30539969709744785,1.3794076887051865,0.0,1.0,0.0,0.0,0.0,0.0,0.0,1.0,0.0,0.0,1.0,0.0,0.0,0.0,1.0,0.0,0.0,0.0,0.0,0.0,0.0,1.0,0.0,0
-0.03220410972136572,-2.197285847446093,0.010194556685001388,0.019119431991035447,0.17488314179807937,1.0,0.0,0.0,0.0,0.0,0.0,0.0,0.0,0.0,1.0,0.0,0.0,1.0,0.0,1.0,0.0,0.0,0.0,0.0,0.0,0.0,1.0,0.0,0
-1.3946856748560326,0.22745692429321115,-0.5790652800721724,-1.3304875320820515,-1.5390960495385912,0.0,0.0,0.0,1.0,0.0,0.0,0.0,0.0,0.0,1.0,0.0,1.0,0.0,1.0,0.0,0.0,0.0,1.0,0.0,0.0,0.0,0.0,0.0,0
1.2683464751799074,-2.484537604376881,0.29397920199443783,0.6734743236628352,0.9963293901806309,0.0,0.0,1.0,0.0,0.0,0.0,0.0,0.0,1.0,0.0,0.0,1.0,0.0,0.0,1.0,0.0,0.0,1.0,0.0,0.0,0.0,0.0,0.0,1
-2.199788417890155,0.4133257081896034,-0.3187787264125619,0.06001661272052293,-0.17660107025022423,1.0,0.0,0.0,0.0,0.0,0.0,0.0,1.0,0.0,0.0,0.0,0.0,1.0,0.0,1.0,0.0,0.0,0.0,0.0,0.0,0.0,1.0,0.0,0
-0.8992378329888815,-0.6849898330163529,0.794669308686883,-0.3080580138448644,-0.549806216750951,0.0,0.0,0.0,0.0,0.0,1.0,0.0,0.0,0.0,1.0,0.0,0.0,1.0,0.0,1.0,0.0,0.0,0.0,0.0,0.0,1.0,0.0,0.0,1
-0.8373068527554867,1.8833788171883448,-0.09554685573921538,0.06001661272052293,-0.6939542362988503,1.0,0.0,0.0,0.0,0.0,0.0,0.0,0.0,1.0,0.0,0.0,1.0,0.0,0.0,1.0,0.0,0.0,0.0,0.0,0.0,0.0,1.0,0.0,0
0.029726870512028034,-0.7187841573611514,-0.22840145083630825,-0.4716467367628144,-1.0948042084662977,0.0,0.0,1.0,0.0,0.0,0.0,0.0,0.0,0.0,1.0,0.0,0.0,1.0,0.0,1.0,0.0,0.0,0.0,0.0,1.0,0.0,0.0,0.0,0
-0.21799705042154696,0.10917678908641539,-0.13440908423700446,-0.5125439174923019,-0.834152995037219,0.0,1.0,0.0,0.0,0.0,0.0,0.0,0.0,0.0,1.0,0.0,0.0,1.0,0.0,1.0,0.0,0.0,0.0,0.0,0.0,0.0,0.0,1.0,0
-0.21799705042154696,1.308875303326768,0.43858284291644367,0.019119431991035447,0.06232920872643132,1.0,0.0,0.0,0.0,0.0,0.0,0.0,1.0,0.0,0.0,0.0,0.0,1.0,0.0,1.0,0.0,0.0,0.0,0.0,0.0,0.0,0.0,1.0,1
1.4851049059967874,-1.00603591429194,-0.36035227317763857,0.7552686851218102,1.703247075086769,1.0,0.0,0.0,0.0,0.0,0.0,0.0,0.0,1.0,0.0,0.0,0.0,1.0,0.0,0.0,1.0,0.0,0.0,1.0,0.0,0.0,0.0,0.0,0
-0.12510058007145688,0.1007282080002162,-0.07656762786820212,-0.7988241825987142,-0.808482799775264,0.0,1.0,0.0,0.0,0.0,0.0,0.0,0.0,1.0,0.0,0.0,0.0,1.0,0.0,1.0,0.0,0.0,0.0,0.0,0.0,1.0,0.0,0.0,0
-1.6424095957896088,-0.8708586169127451,-0.33323909050476247,1.24603485387566,0.672490003799048,1.0,0.0,0.0,0.0,0.0,0.0,1.0,0.0,0.0,0.0,0.0,0.0,1.0,0.0,1.0,0.0,0.0,0.0,0.0,0.0,0.0,0.0,1.0,0
1.6089668664635748,1.055417870740778,0.2361377456256355,-0.5125439174923019,0.5599360707274005,0.0,0.0,0.0,0.0,1.0,0.0,0.0,0.0,1.0,0.0,0.0,1.0,0.0,0.0,1.0,0.0,0.0,0.0,0.0,0.0,0.0,1.0,0.0,1
0.30841628156230155,-0.23721503544777034,0.1168397418649807,-1.8621508815653889,-1.3139881833952958,0.0,0.0,0.0,0.0,1.0,0.0,1.0,0.0,0.0,0.0,0.0,0.0,1.0,0.0,1.0,0.0,0.0,0.0,0.0,0.0,1.0,0.0,0.0,0
0.8967605937795439,-0.7441299006197502,-0.5158011871687949,-0.7170298211397393,0.4572552896795812,1.0,0.0,0.0,0.0,0.0,0.0,1.0,0.0,0.0,0.0,1.0,0.0,0.0,0.0,1.0,0.0,0.0,0.0,0.0,1.0,0.0,0.0,0.0,0
-0.8373068527554867,0.7850632759823885,5.535861185417149,0.30539969709744785,-0.48661804379844664,0.0,0.0,0.0,1.0,0.0,0.0,0.0,1.0,0.0,0.0,0.0,1.0,0.0,1.0,0.0,0.0,1.0,0.0,0.0,0.0,0.0,0.0,0.0,1
1.6399323565802721,-0.49912104911996,-0.08741290093735256,-0.7170298211397393,0.08799940398838628,1.0,0.0,0.0,0.0,0.0,0.0,0.0,1.0,0.0,0.0,0.0,1.0,0.0,1.0,0.0,0.0,0.0,0.0,0.0,1.0,0.0,0.0,0.0,0
1.0515880443630288,1.2919781411543683,-0.19948072265190708,1.24603485387566,1.9619236581110824,0.0,1.0,0.0,0.0,0.0,0.0,1.0,0.0,0.0,0.0,1.0,0.0,0.0,0.0,1.0,0.0,0.0,0.0,0.0,0.0,1.0,0.0,0.0,0
1.4851049059967874,-0.5667096978095577,0.3030169295520632,1.24603485387566,1.5255303386578514,1.0,0.0,0.0,0.0,0.0,0.0,0.0,1.0,0.0,0.0,0.0,1.0,0.0,0.0,1.0,0.0,0.0,0.0,0.0,1.0,0.0,0.0,0.0,1
-0.4657209713551231,-0.27100935979256946,0.4602733890547446,0.1827081549089854,-0.39775967558398795,1.0,0.0,0.0,0.0,0.0,0.0,0.0,0.0,1.0,0.0,0.0,0.0,1.0,0.0,1.0,0.0,0.0,0.0,0.0,1.0,0.0,0.0,0.0,1
0.6800021629626651,1.7650986819815502,-0.4778427314267683,1.08244613095771,0.7751707848468667,1.0,0.0,0.0,0.0,0.0,0.0,0.0,1.0,0.0,0.0,0.0,0.0,1.0,0.0,1.0,0.0,0.0,0.0,1.0,0.0,0.0,0.0,0.0,0
1.0825535344797261,-1.175007536015933,-0.27539763413596013,-0.5534410982217893,0.6270735044894356,0.0,0.0,0.0,0.0,1.0,0.0,0.0,1.0,0.0,0.0,1.0,0.0,0.0,0.0,1.0,0.0,0.0,1.0,0.0,0.0,0.0,0.0,0.0,0
0.6800021629626651,-0.0006547650341799985,-0.4471144577308421,0.019119431991035447,0.9449889996567216,0.0,0.0,0.0,0.0,1.0,0.0,0.0,1.0,0.0,0.0,0.0,0.0,1.0,1.0,0.0,0.0,0.0,0.0,1.0,0.0,0.0,0.0,0.0,0
0.8038641234294527,-1.377773482084725,0.18914156232598361,1.40962357679361,2.2146763499210986,1.0,0.0,0.0,0.0,0.0,0.0,0.0,1.0,0.0,0.0,1.0,0.0,0.0,0.0,0.0,1.0,0.0,0.0,0.0,0.0,0.0,0.0,1.0,0
1.6708978466969684,-0.9046529412575443,-0.5609898249569216,0.06001661272052293,0.3269296829650418,1.0,0.0,0.0,0.0,0.0,0.0,0.0,0.0,0.0,1.0,0.0,0.0,1.0,0.0,1.0,0.0,0.0,1.0,0.0,0.0,0.0,0.0,0.0,0
-0.4966864614718205,1.4947440872231608,-0.371197546246789,0.7143715043923227,0.7435766983706148,0.0,0.0,0.0,0.0,1.0,0.0,0.0,0.0,0.0,1.0,0.0,0.0,1.0,0.0,1.0,0.0,0.0,0.0,0.0,0.0,0.0,1.0,0.0,0
-1.7043405760230026,1.2581838168095705,-0.49411064103049396,1.5732122997115598,0.6882870470371741,1.0,0.0,0.0,0.0,0.0,0.0,0.0,0.0,1.0,0.0,0.0,0.0,1.0,0.0,1.0,0.0,0.0,0.0,0.0,0.0,1.0,0.0,0.0,0
0.9586915740129376,-1.3101848333951278,-0.16152226690988056,-0.06267492946793952,0.9430143692519554,0.0,0.0,0.0,0.0,0.0,1.0,0.0,0.0,0.0,1.0,1.0,0.0,0.0,0.0,1.0,0.0,0.0,0.0,0.0,0.0,1.0,0.0,0.0,1
0.029726870512028034,1.7988930063263482,-1.0490271130686915,2.2275671913833595,1.3675599062765915,0.0,0.0,0.0,0.0,0.0,1.0,0.0,0.0,0.0,1.0,1.0,0.0,0.0,1.0,0.0,0.0,0.0,0.0,0.0,0.0,1.0,0.0,0.0,0
-0.4037899911217293,2.3311536147569267,0.3626659314323906,1.0006517694987351,-0.10551437567865737,0.0,0.0,0.0,1.0,0.0,0.0,0.0,1.0,0.0,0.0,0.0,0.0,1.0,1.0,0.0,0.0,0.0,0.0,1.0,0.0,0.0,0.0,0.0,1
-0.3418590108883356,1.342669627671567,0.2632509282985116,-0.4307495560333269,-0.9032650592040199,0.0,0.0,0.0,0.0,1.0,0.0,0.0,1.0,0.0,0.0,0.0,1.0,0.0,0.0,1.0,0.0,1.0,0.0,0.0,0.0,0.0,0.0,0.0,1
0.3703472617956953,1.8580330739297461,-0.23201654185935838,0.34629687782693536,0.0761516215597919,1.0,0.0,0.0,0.0,0.0,0.0,0.0,0.0,0.0,1.0,0.0,1.0,0.0,0.0,1.0,0.0,0.0,0.0,1.0,0.0,0.0,0.0,0.0,0
-1.4566166550894264,0.5738487488273969,-0.27539763413596013,-0.9215157247871767,-1.46998398537179,0.0,0.0,0.0,0.0,1.0,0.0,0.0,0.0,1.0,0.0,0.0,0.0,1.0,0.0,1.0,0.0,1.0,0.0,0.0,0.0,0.0,0.0,0.0,0
0.4942092222624828,0.33728847841380655,-0.6278690088833494,-0.7988241825987142,-0.11933678851201739,0.0,0.0,0.0,0.0,1.0,0.0,1.0,0.0,0.0,0.0,0.0,0.0,1.0,1.0,0.0,0.0,0.0,0.0,0.0,0.0,1.0,0.0,0.0,0
0.029726870512028034,0.928689154447783,-0.19767317714038202,1.5323151189820725,0.7001348294657685,0.0,0.0,0.0,0.0,1.0,0.0,0.0,1.0,0.0,0.0,0.0,1.0,0.0,0.0,1.0,0.0,0.0,0.0,0.0,1.0,0.0,0.0,0.0,0
1.14448451471312,2.1283876686881356,-0.8520046523124585,-1.8621508815653889,-0.8124320605847952,1.0,0.0,0.0,0.0,0.0,0.0,1.0,0.0,0.0,0.0,0.0,0.0,1.0,0.0,1.0,0.0,0.0,0.0,0.0,0.0,0.0,1.0,0.0,0
-1.177927244039154,1.24973523572337,-0.03137899008007529,-0.02177774873845204,-1.3534807914906106,1.0,0.0,0.0,0.0,0.0,0.0,0.0,1.0,0.0,0.0,0.0,0.0,1.0,0.0,1.0,0.0,0.0,0.0,0.0,0.0,0.0,1.0,0.0,0
-0.4037899911217293,-1.3946706442571246,0.24698301869478595,-0.02177774873845204,0.38814322551277997,1.0,0.0,0.0,0.0,0.0,0.0,0.0,0.0,1.0,0.0,0.0,0.0,1.0,0.0,1.0,0.0,0.0,0.0,0.0,0.0,1.0,0.0,0.0,1
0.029726870512028034,1.342669627671567,-0.6116010992796237,-1.534973435729489,-1.9695654777775244,1.0,0.0,0.0,0.0,0.0,0.0,0.0,1.0,0.0,0.0,0.0,1.0,0.0,0.0,1.0,0.0,0.0,0.0,0.0,0.0,0.0,0.0,1.0,0
-1.8591680266064874,1.4018096952749637,-0.09554685573921538,0.30539969709744785,-0.17660107025022423,1.0,0.0,0.0,0.0,0.0,0.0,0.0,0.0,1.0,0.0,0.0,0.0,1.0,0.0,1.0,0.0,0.0,1.0,0.0,0.0,0.0,0.0,0.0,0
0.4942092222624828,0.5147086812239996,0.07526619509990401,-0.4307495560333269,0.11366959925034069,0.0,0.0,0.0,1.0,0.0,0.0,0.0,1.0,0.0,0.0,0.0,0.0,1.0,0.0,1.0,0.0,1.0,0.0,0.0,0.0,0.0,0.0,0.0,0
1.6708978466969684,-0.2794579408787687,-0.22840145083630825,0.4689884200153978,1.8177756385631825,1.0,0.0,0.0,0.0,0.0,0.0,0.0,1.0,0.0,0.0,1.0,0.0,0.0,0.0,1.0,0.0,1.0,0.0,0.0,0.0,0.0,0.0,0.0,0
0.7109676530793626,-0.2541121976201699,-0.6369067364409747,1.5732122997115598,2.1613613289924225,0.0,0.0,0.0,1.0,0.0,0.0,0.0,1.0,0.0,0.0,0.0,0.0,1.0,0.0,1.0,0.0,0.0,0.0,0.0,0.0,0.0,0.0,1.0,0
0.6800021629626651,0.8695490868443851,-0.47603518591524324,0.22360533563847287,0.6764392646085793,1.0,0.0,0.0,0.0,0.0,0.0,0.0,0.0,0.0,1.0,0.0,0.0,1.0,0.0,1.0,0.0,0.0,0.0,0.0,1.0,0.0,0.0,0.0,0
-0.6515139120553054,-0.11893490024097517,0.026462466288727043,-0.3080580138448644,-0.7354214747989315,0.0,0.0,0.0,0.0,0.0,1.0,0.0,1.0,0.0,0.0,0.0,0.0,1.0,0.0,1.0,0.0,1.0,0.0,0.0,0.0,0.0,0.0,0.0,0
-1.0850307736890628,-0.44842956260276196,-0.04583935417227587,0.019119431991035447,-1.7187874163722743,0.0,0.0,0.0,0.0,0.0,1.0,0.0,1.0,0.0,0.0,0.0,0.0,1.0,0.0,1.0,0.0,0.0,0.0,0.0,0.0,1.0,0.0,0.0,0
0.4942092222624828,-0.3808409139131649,-0.04945444519532602,-1.1668988091641017,-0.6327406937511122,1.0,0.0,0.0,0.0,0.0,0.0,1.0,0.0,0.0,0.0,0.0,0.0,1.0,0.0,1.0,0.0,0.0,0.0,1.0,0.0,0.0,0.0,0.0,0
-0.09413508995475947,0.4217742892758032,-0.15248453935225517,-0.3898523753038394,-0.3227237202028898,0.0,0.0,0.0,0.0,0.0,1.0,0.0,0.0,0.0,1.0,0.0,0.0,1.0,0.0,1.0,0.0,0.0,0.0,0.0,1.0,0.0,0.0,0.0,0
0.9896570641296351,-2.9069666586868643,0.5849940293499746,0.7961658658512977,0.8581052618470285,0.0,0.0,0.0,1.0,0.0,0.0,0.0,0.0,0.0,1.0,0.0,0.0,1.0,0.0,1.0,0.0,0.0,0.0,0.0,0.0,1.0,0.0,0.0,1
-0.3108935207716382,0.26969982972420947,0.149375561072432,-0.06267492946793952,-0.5201867606794647,0.0,1.0,0.0,0.0,0.0,0.0,0.0,0.0,0.0,1.0,1.0,0.0,0.0,1.0,0.0,0.0,0.0,0.0,0.0,0.0,0.0,0.0,1.0,0
0.5251747123791802,0.5822973299135967,-0.22659390532478318,-0.6761326404102518,-0.571527151203374,1.0,0.0,0.0,0.0,0.0,0.0,0.0,0.0,0.0,1.0,0.0,1.0,0.0,0.0,1.0,0.0,0.0,0.0,1.0,0.0,0.0,0.0,0.0,0
0.4632437321457865,2.26356496606733,0.18914156232598361,1.5732122997115598,1.705221705491535,0.0,0.0,1.0,0.0,0.0,0.0,1.0,0.0,0.0,0.0,0.0,0.0,1.0,0.0,1.0,0.0,0.0,1.0,0.0,0.0,0.0,0.0,0.0,1
1.4541394158800898,-2.138145779842695,-0.21574863225563273,-1.371384712811539,-0.24768776482179108,0.0,0.0,0.0,1.0,0.0,0.0,0.0,1.0,0.0,0.0,0.0,1.0,0.0,0.0,1.0,0.0,0.0,0.0,0.0,0.0,0.0,0.0,1.0,0
-0.06316959983806204,0.46401719470680153,-0.13440908423700446,-1.2486931706230766,-1.1915610982998195,0.0,1.0,0.0,0.0,0.0,0.0,0.0,1.0,0.0,0.0,0.0,1.0,0.0,0.0,1.0,0.0,0.0,0.0,0.0,0.0,1.0,0.0,0.0,0
0.40131275191239274,-1.6227823335845157,-0.7327066485518036,0.019119431991035447,0.7021094598705342,1.0,0.0,0.0,0.0,0.0,0.0,0.0,0.0,1.0,0.0,1.0,0.0,0.0,0.0,1.0,0.0,0.0,0.0,1.0,0.0,0.0,0.0,0.0,0
1.949587257747242,-0.8117185493093478,-0.2862429072051106,1.491417938252585,2.4634797809215825,0.0,1.0,0.0,0.0,0.0,0.0,0.0,0.0,1.0,0.0,1.0,0.0,0.0,0.0,1.0,0.0,1.0,0.0,0.0,0.0,0.0,0.0,0.0,0
-0.18703156030485066,-0.0006547650341799985,-0.2446693604400339,-0.185366471656402,-1.0000219490375417,0.0,0.0,0.0,1.0,0.0,0.0,0.0,1.0,0.0,0.0,0.0,0.0,1.0,0.0,1.0,0.0,1.0,0.0,0.0,0.0,0.0,0.0,0.0,0
2.2902076490309082,0.09227962691401642,-0.5537596429108214,-0.6352354596807643,1.0614921935379003,0.0,0.0,0.0,1.0,0.0,0.0,0.0,0.0,1.0,0.0,1.0,0.0,0.0,0.0,1.0,0.0,0.0,0.0,1.0,0.0,0.0,0.0,0.0,0
-0.15606607018815322,2.3142564525845284,0.41327720575509264,0.5916799622038602,-0.25953554725038547,0.0,1.0,0.0,0.0,0.0,0.0,0.0,1.0,0.0,0.0,0.0,1.0,0.0,0.0,1.0,0.0,0.0,0.0,0.0,1.0,0.0,0.0,0.0,1
-0.9302033231055779,0.8357547624995872,-0.27539763413596013,-0.26716083311537697,-0.08576807163099988,0.0,1.0,0.0,0.0,0.0,0.0,0.0,0.0,1.0,0.0,0.0,0.0,1.0,0.0,1.0,0.0,0.0,0.0,1.0,0.0,0.0,0.0,0.0,0
0.8038641234294527,0.33728847841380655,-0.13983172077157968,-0.06267492946793952,-0.7255483227751027,0.0,0.0,1.0,0.0,0.0,0.0,0.0,0.0,1.0,0.0,0.0,1.0,0.0,0.0,1.0,0.0,0.0,0.0,1.0,0.0,0.0,0.0,0.0,0
0.6180711827292714,-0.0006547650341799985,-0.345891909085438,-1.2895903513525642,-1.517375115086168,0.0,0.0,0.0,0.0,0.0,1.0,0.0,0.0,1.0,0.0,0.0,1.0,0.0,0.0,1.0,0.0,0.0,0.0,0.0,0.0,0.0,0.0,1.0,0
2.1044147083307267,0.30349415406900804,-0.2772051796474852,-1.8621508815653889,0.17685777220284501,1.0,0.0,0.0,0.0,0.0,0.0,0.0,1.0,0.0,0.0,0.0,0.0,1.0,0.0,1.0,0.0,0.0,0.0,0.0,0.0,0.0,1.0,0.0,0
-0.2489625405382444,-0.16962638675817326,0.09153410470362967,-0.8397213633282018,-1.3771763563477997,0.0,1.0,0.0,0.0,0.0,0.0,0.0,0.0,1.0,0.0,0.0,0.0,1.0,0.0,1.0,0.0,0.0,0.0,0.0,0.0,0.0,0.0,1.0,0
0.9277260838962412,1.1399036816027746,-0.3784277282928893,-0.1444692909269145,1.1424520401332965,1.0,0.0,0.0,0.0,0.0,0.0,0.0,0.0,0.0,1.0,0.0,0.0,1.0,0.0,1.0,0.0,0.0,1.0,0.0,0.0,0.0,0.0,0.0,0
0.15358883097881665,1.055417870740778,0.25963583727546147,0.4689884200153978,0.6132510916560755,1.0,0.0,0.0,0.0,0.0,0.0,0.0,0.0,0.0,1.0,0.0,0.0,1.0,0.0,1.0,0.0,0.0,1.0,0.0,0.0,0.0,0.0,0.0,1
-0.18703156030485066,-0.7694756438783495,0.5596883921886235,-1.4122818935410266,-0.3286476114171867,0.0,0.0,0.0,0.0,1.0,0.0,0.0,0.0,1.0,0.0,1.0,0.0,0.0,0.0,1.0,0.0,0.0,0.0,0.0,0.0,1.0,0.0,0.0,1
1.2064154949465138,-0.5667096978095577,-0.7634349222477298,1.0006517694987351,1.5531751643245721,1.0,0.0,0.0,0.0,0.0,0.0,0.0,0.0,0.0,1.0,1.0,0.0,0.0,1.0,0.0,0.0,0.0,0.0,1.0,0.0,0.0,0.0,0.0,0
0.6180711827292714,-1.5889880092397166,0.20721701744123433,-1.780356520106414,-1.2705463144904494,1.0,0.0,0.0,0.0,0.0,0.0,0.0,1.0,0.0,0.0,0.0,0.0,1.0,0.0,1.0,0.0,0.0,1.0,0.0,0.0,0.0,0.0,0.0,0
-0.7134448922886992,-1.428464968601923,0.3500131128517151,0.1827081549089854,-0.3957850451792223,0.0,0.0,1.0,0.0,0.0,0.0,1.0,0.0,0.0,0.0,0.0,0.0,1.0,0.0,1.0,0.0,0.0,0.0,0.0,0.0,1.0,0.0,0.0,1
0.4632437321457865,0.9371377355339822,-0.4724200948921931,-0.5943382789512769,-0.02455452908326176,0.0,0.0,1.0,0.0,0.0,0.0,0.0,0.0,1.0,0.0,0.0,0.0,1.0,0.0,1.0,0.0,0.0,0.0,1.0,0.0,0.0,0.0,0.0,0
1.4231739257633924,0.987829222051181,-0.16875244895598085,0.5916799622038602,0.33877746539363623,1.0,0.0,0.0,0.0,0.0,0.0,0.0,0.0,1.0,0.0,0.0,1.0,0.0,0.0,1.0,0.0,0.0,0.0,0.0,0.0,0.0,1.0,0.0,0
-1.0850307736890628,-0.02600050829277875,0.4982318447967711,1.1642404924166851,-0.02455452908326176,0.0,0.0,1.0,0.0,0.0,0.0,1.0,0.0,0.0,0.0,0.0,0.0,1.0,0.0,1.0,0.0,0.0,0.0,0.0,0.0,1.0,0.0,0.0,1
-1.8282025364897911,-0.02600050829277875,-0.4923030955189689,-0.3898523753038394,-0.9822502753946499,0.0,0.0,0.0,0.0,1.0,0.0,1.0,0.0,0.0,0.0,0.0,0.0,1.0,1.0,0.0,0.0,0.0,0.0,0.0,1.0,0.0,0.0,0.0,0
-0.6824794021720018,0.15141969451741372,-0.34769945459696305,-0.5125439174923019,-0.6524869977987697,0.0,0.0,0.0,0.0,0.0,1.0,0.0,0.0,1.0,0.0,1.0,0.0,0.0,0.0,1.0,0.0,0.0,0.0,0.0,0.0,0.0,1.0,0.0,0
0.5251747123791802,0.45556861362060175,0.0427303758924527,1.8185953840884848,2.1396403945399998,1.0,0.0,0.0,0.0,0.0,0.0,0.0,0.0,0.0,1.0,1.0,0.0,0.0,0.0,1.0,0.0,1.0,0.0,0.0,0.0,0.0,0.0,0.0,0
0.27745079144560414,0.11762537017261518,-0.01872617149939978,0.1827081549089854,0.21832501070292562,1.0,0.0,0.0,0.0,0.0,0.0,0.0,0.0,0.0,1.0,0.0,0.0,1.0,0.0,1.0,0.0,0.0,0.0,1.0,0.0,0.0,0.0,0.0,0
0.1226233408621192,-1.631230914670715,-0.5501445518877712,0.019119431991035447,0.27953855325066373,0.0,1.0,0.0,0.0,0.0,0.0,1.0,0.0,0.0,0.0,0.0,0.0,1.0,1.0,0.0,0.0,0.0,0.0,1.0,0.0,0.0,0.0,0.0,0
-0.4966864614718205,-0.0006547650341799985,-0.8881555625429599,0.26450251636796035,0.028760491845413808,0.0,0.0,0.0,0.0,1.0,0.0,0.0,1.0,0.0,0.0,0.0,1.0,0.0,0.0,1.0,0.0,0.0,0.0,0.0,0.0,1.0,0.0,0.0,0
-1.7972370463730938,0.22745692429321115,-0.4127710930118657,-1.8621508815653889,-2.573802381635844,0.0,1.0,0.0,0.0,0.0,0.0,0.0,1.0,0.0,0.0,0.0,0.0,1.0,0.0,1.0,0.0,0.0,0.0,0.0,0.0,1.0,0.0,0.0,0
-1.4256511649727301,1.7397529387229502,-0.669442555648426,-0.10357211019742701,-0.2773072208932773,0.0,0.0,0.0,0.0,1.0,0.0,1.0,0.0,0.0,0.0,1.0,0.0,0.0,0.0,1.0,0.0,0.0,0.0,0.0,0.0,0.0,1.0,0.0,0
-0.775375872522093,-1.5636422659811178,0.3771262955245912,-0.5125439174923019,-1.1145505125139552,1.0,0.0,0.0,0.0,0.0,0.0,0.0,0.0,1.0,0.0,0.0,0.0,1.0,0.0,1.0,0.0,1.0,0.0,0.0,0.0,0.0,0.0,0.0,1
-2.6023397894072153,0.7512689516375906,-0.12898644770242923,1.0006517694987351,-0.24571313441702547,0.0,1.0,0.0,0.0,0.0,0.0,0.0,0.0,0.0,1.0,0.0,0.0,1.0,0.0,1.0,0.0,0.0,1.0,0.0,0.0,0.0,0.0,0.0,0
1.14448451471312,-2.51833192872168,-0.8646574708931339,-0.5125439174923019,0.30323411810785306,1.0,0.0,0.0,0.0,0.0,0.0,0.0,1.0,0.0,0.0,0.0,0.0,1.0,0.0,1.0,0.0,0.0,0.0,0.0,0.0,0.0,0.0,1.0,0
-0.9611688132222753,-0.18652354893057285,0.24698301869478595,1.2869320346051476,-0.034427681107090505,0.0,0.0,0.0,1.0,0.0,0.0,0.0,0.0,1.0,0.0,0.0,0.0,1.0,0.0,1.0,0.0,0.0,0.0,0.0,0.0,1.0,0.0,0.0,1
-0.6515139120553054,1.4862955061369603,0.0626133765192285,-0.4307495560333269,-0.7314722139893997,1.0,0.0,0.0,0.0,0.0,0.0,0.0,0.0,0.0,1.0,0.0,1.0,0.0,0.0,1.0,0.0,0.0,0.0,1.0,0.0,0.0,0.0,0.0,1
-0.4657209713551231,-0.0006547650341799985,0.10780201430735532,0.8779602273102727,1.162198344180954,1.0,0.0,0.0,0.0,0.0,0.0,0.0,0.0,0.0,1.0,1.0,0.0,0.0,0.0,1.0,0.0,0.0,0.0,0.0,1.0,0.0,0.0,0.0,0
-0.7134448922886992,1.984761790222741,0.14576047004938186,-1.8621508815653889,-2.4336036228974756,0.0,0.0,0.0,0.0,1.0,0.0,0.0,1.0,0.0,0.0,0.0,1.0,0.0,0.0,1.0,0.0,0.0,0.0,0.0,0.0,0.0,1.0,0.0,0
-0.12510058007145688,-1.2003532792745324,-0.8791178349853345,0.8370630465807851,0.08997403439315192,0.0,0.0,0.0,0.0,0.0,1.0,0.0,0.0,0.0,1.0,0.0,0.0,1.0,0.0,1.0,0.0,1.0,0.0,0.0,0.0,0.0,0.0,0.0,0
0.7109676530793626,0.44712003253440197,0.14033783351480664,-1.1668988091641017,-0.518212130274699,1.0,0.0,0.0,0.0,0.0,0.0,0.0,0.0,1.0,0.0,0.0,0.0,1.0,0.0,1.0,0.0,0.0,1.0,0.0,0.0,0.0,0.0,0.0,1
1.5160703961134836,-2.214183009618492,0.48919411723914574,0.5507827814743728,0.6981601990610029,1.0,0.0,0.0,0.0,0.0,0.0,0.0,0.0,0.0,1.0,0.0,1.0,0.0,0.0,1.0,0.0,0.0,0.0,0.0,0.0,0.0,1.0,0.0,1
-1.4875821452061238,-0.5329153734647586,0.8398579464750099,0.10091379345001042,-0.6781571930607246,0.0,0.0,0.0,0.0,1.0,0.0,1.0,0.0,0.0,0.0,0.0,0.0,1.0,0.0,1.0,0.0,0.0,0.0,1.0,0.0,0.0,0.0,0.0,1
-0.3108935207716382,1.2074923302923717,0.20902456295275942,1.327829215334635,0.6211496132751386,1.0,0.0,0.0,0.0,0.0,0.0,0.0,1.0,0.0,0.0,0.0,1.0,0.0,0.0,1.0,0.0,0.0,0.0,0.0,0.0,1.0,0.0,0.0,1
0.029726870512028034,-2.687303550445673,-0.47061254938066804,-0.9215157247871767,-0.5300599127032934,0.0,1.0,0.0,0.0,0.0,0.0,0.0,1.0,0.0,0.0,1.0,0.0,0.0,1.0,0.0,0.0,0.0,1.0,0.0,0.0,0.0,0.0,0.0,0
0.8967605937795439,-0.08514057589617664,-0.1307939932139543,0.30539969709744785,1.1049340624427473,1.0,0.0,0.0,0.0,0.0,0.0,0.0,0.0,0.0,1.0,0.0,0.0,1.0,0.0,1.0,0.0,0.0,0.0,1.0,0.0,0.0,0.0,0.0,0
0.40131275191239274,-1.0398302386367384,0.05899828549617836,0.1418109741794979,1.0101518030139909,1.0,0.0,0.0,0.0,0.0,0.0,0.0,0.0,0.0,1.0,1.0,0.0,0.0,0.0,1.0,0.0,0.0,0.0,0.0,0.0,1.0,0.0,0.0,0
1.3922084356466962,1.469398343964562,-0.000650716384149051,-1.1260016284346142,0.0682530999407288,1.0,0.0,0.0,0.0,0.0,0.0,0.0,1.0,0.0,0.0,0.0,0.0,1.0,0.0,1.0,0.0,0.0,1.0,0.0,0.0,0.0,0.0,0.0,1
-0.0012386196046682931,-1.1327646305849348,-0.12717890219090416,-1.453179074270514,-0.9605293409422268,0.0,0.0,0.0,1.0,0.0,0.0,0.0,1.0,0.0,0.0,0.0,0.0,1.0,0.0,1.0,0.0,0.0,0.0,0.0,0.0,1.0,0.0,0.0,0
-2.230753908006851,-1.242596184705531,9.331706759619804,-0.22626365238588947,-1.7365590900151662,0.0,0.0,0.0,0.0,1.0,0.0,0.0,0.0,0.0,1.0,0.0,1.0,0.0,0.0,0.0,1.0,0.0,0.0,0.0,0.0,0.0,1.0,0.0,0
-0.7444103824053966,1.9594160469641422,-0.5736426435375972,0.1418109741794979,-0.35431780667914164,1.0,0.0,0.0,0.0,0.0,0.0,0.0,0.0,0.0,1.0,0.0,0.0,1.0,1.0,0.0,0.0,0.0,0.0,0.0,0.0,0.0,1.0,0.0,0
1.6089668664635748,-1.0905217251539365,-0.00607335291872427,-1.616767797188464,-0.02455452908326176,0.0,1.0,0.0,0.0,0.0,0.0,0.0,0.0,0.0,1.0,0.0,1.0,0.0,0.0,1.0,0.0,0.0,0.0,0.0,0.0,0.0,0.0,1.0,0
0.8657951036628475,-1.3355305766537267,-0.6820953742291016,2.145772829924385,2.1712344810162514,0.0,0.0,0.0,1.0,0.0,0.0,0.0,1.0,0.0,0.0,0.0,0.0,1.0,0.0,1.0,0.0,0.0,0.0,0.0,1.0,0.0,0.0,0.0,0
-2.4784778289404272,-0.3723923328269651,-0.33504663601628754,-0.6352354596807643,-0.5438823255366535,0.0,0.0,0.0,0.0,1.0,0.0,0.0,1.0,0.0,0.0,0.0,0.0,1.0,0.0,1.0,0.0,0.0,0.0,0.0,0.0,0.0,1.0,0.0,0
0.6490366728459678,0.7090260462065923,-0.13440908423700446,0.22360533563847287,0.11366959925034069,0.0,0.0,1.0,0.0,0.0,0.0,1.0,0.0,0.0,0.0,0.0,1.0,0.0,0.0,1.0,0.0,0.0,0.0,0.0,0.0,1.0,0.0,0.0,0
0.029726870512028034,1.0047263842235805,-0.3495070001084881,-0.7579270018692268,-0.15685476620256675,0.0,0.0,0.0,1.0,0.0,0.0,0.0,1.0,0.0,0.0,0.0,0.0,1.0,0.0,1.0,0.0,0.0,0.0,0.0,0.0,1.0,0.0,0.0,0
-1.3637201847393363,0.928689154447783,-0.5013408230765942,-1.0442072669756393,-1.9814132602061192,0.0,1.0,0.0,0.0,0.0,0.0,0.0,1.0,0.0,0.0,0.0,1.0,0.0,0.0,1.0,0.0,0.0,0.0,0.0,0.0,0.0,0.0,1.0,0
-1.0540652835723665,0.5654001677411977,0.0011568291273760221,2.2275671913833595,0.9074710219661722,0.0,0.0,0.0,1.0,0.0,0.0,1.0,0.0,0.0,0.0,0.0,0.0,1.0,0.0,1.0,0.0,1.0,0.0,0.0,0.0,0.0,0.0,0.0,0
1.1135190245964226,-0.6680926708439533,-0.09645062849497792,-0.7988241825987142,0.2025279674647994,0.0,0.0,0.0,1.0,0.0,0.0,0.0,0.0,1.0,0.0,0.0,0.0,1.0,0.0,1.0,0.0,0.0,0.0,0.0,0.0,1.0,0.0,0.0,0
0.6800021629626651,-0.8201671303955477,-0.1579071758868304,-0.1444692909269145,0.5243927234416168,1.0,0.0,0.0,0.0,0.0,0.0,1.0,0.0,0.0,0.0,0.0,0.0,1.0,0.0,1.0,0.0,0.0,0.0,1.0,0.0,0.0,0.0,0.0,0
0.43227824202908904,1.4525011817921625,0.11864728737650576,-0.9624129055166643,-0.9546054497279296,1.0,0.0,0.0,0.0,0.0,0.0,0.0,0.0,0.0,1.0,0.0,0.0,1.0,0.0,1.0,0.0,0.0,0.0,0.0,0.0,0.0,0.0,1.0,1
1.2064154949465138,-0.862410035826546,-1.3526947590049037,1.3687263960641225,1.049644411109306,1.0,0.0,0.0,0.0,0.0,0.0,0.0,0.0,1.0,0.0,0.0,1.0,0.0,1.0,0.0,0.0,0.0,0.0,0.0,0.0,0.0,0.0,1.0,0
1.701863336813666,0.27814841081040864,0.20179438090665913,-0.8806185440576892,0.8423082186089023,1.0,0.0,0.0,0.0,0.0,0.0,0.0,0.0,1.0,0.0,1.0,0.0,0.0,0.0,1.0,0.0,0.0,0.0,0.0,1.0,0.0,0.0,0.0,0
-2.4165468487070334,0.33728847841380655,-0.7092085569019777,1.1233433116871976,0.3683969214651225,1.0,0.0,0.0,0.0,0.0,0.0,0.0,1.0,0.0,0.0,1.0,0.0,0.0,0.0,1.0,0.0,0.0,0.0,0.0,0.0,0.0,0.0,1.0,0
-0.03220410972136572,-1.681922401187913,-0.8971932901005852,-0.02177774873845204,-0.026529159488027396,0.0,0.0,0.0,1.0,0.0,0.0,0.0,0.0,1.0,0.0,0.0,1.0,0.0,0.0,1.0,0.0,0.0,0.0,0.0,1.0,0.0,0.0,0.0,0
-0.4966864614718205,0.6245402353445956,0.4602733890547446,-1.780356520106414,-0.9170874720373802,0.0,0.0,0.0,0.0,1.0,0.0,1.0,0.0,0.0,0.0,1.0,0.0,0.0,0.0,1.0,0.0,0.0,0.0,0.0,0.0,1.0,0.0,0.0,1
-0.3728245010050319,-0.009103346120379783,-0.30793345334341143,-1.8212537008359013,-1.612157374514924,1.0,0.0,0.0,0.0,0.0,0.0,0.0,0.0,0.0,1.0,0.0,0.0,1.0,0.0,1.0,0.0,0.0,0.0,0.0,0.0,1.0,0.0,0.0,0
-0.4037899911217293,-0.7694756438783495,-0.9459970189117622,0.3871940585564228,-0.43527765327453727,0.0,0.0,1.0,0.0,0.0,0.0,0.0,0.0,1.0,0.0,0.0,1.0,0.0,0.0,1.0,0.0,0.0,0.0,0.0,1.0,0.0,0.0,0.0,0
1.3922084356466962,1.3342210465853666,7.885670350399745,-0.06267492946793952,0.0208619702263507,0.0,1.0,0.0,0.0,0.0,0.0,0.0,1.0,0.0,0.0,0.0,1.0,0.0,0.0,1.0,0.0,0.0,1.0,0.0,0.0,0.0,0.0,0.0,1
-0.8063413626387904,-0.18652354893057285,0.16564347067615767,-0.22626365238588947,-0.02455452908326176,1.0,0.0,0.0,0.0,0.0,0.0,0.0,0.0,1.0,0.0,0.0,0.0,1.0,0.0,1.0,0.0,1.0,0.0,0.0,0.0,0.0,0.0,0.0,0
-0.6515139120553054,-0.42308381934416317,0.543420482584898,0.4280912392859103,-0.8775948639420652,0.0,0.0,0.0,1.0,0.0,0.0,0.0,0.0,1.0,0.0,0.0,1.0,0.0,0.0,1.0,0.0,1.0,0.0,0.0,0.0,0.0,0.0,0.0,1
0.09165785074542289,0.46401719470680153,-0.965880019538538,0.30539969709744785,-0.21016978713124174,1.0,0.0,0.0,0.0,0.0,0.0,1.0,0.0,0.0,0.0,0.0,0.0,1.0,0.0,1.0,0.0,0.0,0.0,0.0,0.0,0.0,1.0,0.0,0
